Назва	Категорія	Адмін. центр	Район	Область	Кордон
Вінницька	міська	місто Вінниця	Вінницький	Вінницька	MD
Гніванська	міська	місто Гнівань	Вінницький	Вінницька	MD
Іллінецька	міська	місто Іллінці	Вінницький	Вінницька	MD
Липовецька	міська	місто Липовець	Вінницький	Вінницька	MD
Немирівська	міська	місто Немирів	Вінницький	Вінницька	MD
Погребищенська	міська	місто Погребище	Вінницький	Вінницька	MD
Вороновицька	селищна	с-ще Вороновиця	Вінницький	Вінницька	MD
Літинська	селищна	с-ще Літин	Вінницький	Вінницька	MD
Оратівська	селищна	с-ще Оратів	Вінницький	Вінницька	MD
Стрижавська	селищна	с-ще Стрижавка	Вінницький	Вінницька	MD
Сутисківська	селищна	с-ще Сутиски	Вінницький	Вінницька	MD
Тиврівська	селищна	с-ще Тиврів	Вінницький	Вінницька	MD
Турбівська	селищна	с-ще Турбів	Вінницький	Вінницька	MD
Агрономічна	сільська	село Агрономічне	Вінницький	Вінницька	MD
Лука-Мелешківська	сільська	село Лука-Мелешківська	Вінницький	Вінницька	MD
Якушинецька	сільська	село Якушинці	Вінницький	Вінницька	MD
Бершадська	міська	місто Бершадь	Гайсинський	Вінницька	MD
Гайсинська	міська	місто Гайсин	Гайсинський	Вінницька	MD
Ладижинська	міська	місто Ладижин	Гайсинський	Вінницька	MD
Дашівська	селищна	с-ще Дашів	Гайсинський	Вінницька	MD
Теплицька	селищна	с-ще Теплик	Гайсинський	Вінницька	MD
Тростянецька	селищна	с-ще Тростянець	Гайсинський	Вінницька	MD
Чечельницька	селищна	с-ще Чечельник	Гайсинський	Вінницька	MD
Джулинська	сільська	село Джулинка	Гайсинський	Вінницька	MD
Краснопільська	сільська	село Краснопілка	Гайсинський	Вінницька	MD
Кунківська	сільська	село Кунка	Гайсинський	Вінницька	MD
Ободівська	сільська	село Ободівка	Гайсинський	Вінницька	MD
Ольгопільська	сільська	село Ольгопіль	Гайсинський	Вінницька	MD
Райгородська	сільська	село Райгород	Гайсинський	Вінницька	MD
Соболівська	сільська	село Соболівка	Гайсинський	Вінницька	MD
Барська	міська	місто Бар	Жмеринський	Вінницька	MD
Жмеринська	міська	місто Жмеринка	Жмеринський	Вінницька	MD
Шаргородська	міська	місто Шаргород	Жмеринський	Вінницька	MD
Копайгородська	селищна	с-ще Копайгород	Жмеринський	Вінницька	MD
Джуринська	сільська	село Джурин	Жмеринський	Вінницька	MD
Мурафська	сільська	село Мурафа	Жмеринський	Вінницька	MD
Северинівська	сільська	село Северинівка	Жмеринський	Вінницька	MD
Станіславчицька	сільська	село Станіславчик	Жмеринський	Вінницька	MD
Могилів-Подільська	міська	місто Могилів-Подільський	Могилів-Подільський	Вінницька	MD
Ямпільська	міська	місто Ямпіль	Могилів-Подільський	Вінницька	MD
Вендичанська	селищна	с-ще Вендичани	Могилів-Подільський	Вінницька	MD
Мурованокуриловецька	селищна	с-ще Муровані Курилівці	Могилів-Подільський	Вінницька	MD
Чернівецька	селищна	с-ще Чернівці	Могилів-Подільський	Вінницька	MD
Бабчинецька	сільська	село Бабчинці	Могилів-Подільський	Вінницька	MD
Яришівська	сільська	село Яришів	Могилів-Подільський	Вінницька	MD
Тульчинська	міська	місто Тульчин	Тульчинський	Вінницька	MD
Брацлавська	селищна	с-ще Брацлав	Тульчинський	Вінницька	MD
Вапнярська	селищна	с-ще Вапнярка	Тульчинський	Вінницька	MD
Крижопільська	селищна	с-ще Крижопіль	Тульчинський	Вінницька	MD
Піщанська	селищна	с-ще Піщанка	Тульчинський	Вінницька	MD
Томашпільська	селищна	с-ще Томашпіль	Тульчинський	Вінницька	MD
Шпиківська	селищна	с-ще Шпиків	Тульчинський	Вінницька	MD
Городківська	сільська	село Городківка	Тульчинський	Вінницька	MD
Студенянська	сільська	село Студена	Тульчинський	Вінницька	MD
Калинівська	міська	місто Калинівка	Хмільницький	Вінницька	MD
Козятинська	міська	місто Козятин	Хмільницький	Вінницька	MD
Хмільницька	міська	місто Хмільник	Хмільницький	Вінницька	MD
Глуховецька	селищна	с-ще Глухівці	Хмільницький	Вінницька	MD
Жданівська	сільська	село Війтівці	Хмільницький	Вінницька	MD
Іванівська	сільська	село Іванів	Хмільницький	Вінницька	MD
Махнівська	сільська	село Махнівка	Хмільницький	Вінницька	MD
Самгородоцька	сільська	село Самгородок	Хмільницький	Вінницька	MD
Уланівська	сільська	село Уланів	Хмільницький	Вінницька	MD
Луцька	міська	місто Луцьк	Луцький	Волинська
Володимир-Волинська	міська	місто Володимир	Володимирський	Волинська	PL
Ковельська	міська	місто Ковель	Ковельський	Волинська
Нововолинська	міська	місто Нововолинськ	Володимирський	Волинська	PL
Устилузька	міська	місто Устилуг	Володимирський	Волинська	PL
Зимнівська	сільська	село Зимне	Володимирський	Волинська	PL
Оваднівська	сільська	село Овадне	Володимирський	Волинська	PL
Берестечківська	міська	місто Берестечко	Луцький	Волинська
Горохівська	міська	місто Горохів	Луцький	Волинська
Марʼянівська	селищна	с-ще Марʼянівка	Луцький	Волинська
Іваничівська	селищна	с-ще Іваничі	Володимирський	Волинська	PL
Литовезька	сільська	село Литовеж	Володимирський	Волинська	PL
Павлівська	сільська	село Павлівка	Володимирський	Волинська	PL
Поромівська	сільська	село Поромів	Володимирський	Волинська	PL
Камінь-Каширська	міська	місто Камінь-Каширський	Камінь-Каширський	Волинська
Сошичненська	сільська	село Сошичне	Камінь-Каширський	Волинська
Ківерцівська	міська	місто Ківерці	Луцький	Волинська
Олицька	селищна	с-ще Олика	Луцький	Волинська
Цуманська	селищна	с-ще Цумань	Луцький	Волинська
Голобська	селищна	с-ще Голоби	Ковельський	Волинська
Люблинецька	селищна	с-ще Люблинець	Ковельський	Волинська
Велицька	сільська	село Велицьк	Ковельський	Волинська
Дубівська	сільська	село Дубове	Ковельський	Волинська
Колодяжненська	сільська	село Колодяжне	Ковельський	Волинська
Поворська	сільська	село Поворськ	Ковельський	Волинська
Локачинська	селищна	с-ще Локачі	Володимирський	Волинська	PL
Затурцівська	сільська	село Затурці	Володимирський	Волинська	PL
Торчинська	селищна	с-ще Торчин	Луцький	Волинська
Боратинська	сільська	село Боратин	Луцький	Волинська
Городищенська	сільська	село Городище	Луцький	Волинська
Підгайцівська	сільська	село Підгайці	Луцький	Волинська
Любешівська	селищна	с-ще Любешів	Камінь-Каширський	Волинська
Любомльська	міська	місто Любомль	Ковельський	Волинська	PL
Головненська	селищна	с-ще Головне	Ковельський	Волинська
Вишнівська	сільська	село Вишнів	Ковельський	Волинська
Рівненська	сільська	село Рівне	Ковельський	Волинська
Колківська	селищна	с-ще Колки	Луцький	Волинська
Маневицька	селищна	с-ще Маневичі	Камінь-Каширський	Волинська
Прилісненська	сільська	село Прилісне	Камінь-Каширський	Волинська
Заболоттівська	селищна	с-ще Заболоття	Ковельський	Волинська
Ратнівська	селищна	с-ще Ратне	Ковельський	Волинська
Велимченська	сільська	село Велимче	Ковельський	Волинська
Забродівська	сільська	село Заброди	Ковельський	Волинська
Самарівська	сільська	село Самари	Ковельський	Волинська
Рожищенська	міська	місто Рожище	Луцький	Волинська
Доросинівська	сільська	село Доросині	Луцький	Волинська
Копачівська	сільська	село Копачівка	Луцький	Волинська
Старовижівська	селищна	с-ще Стара Вижівка	Ковельський	Волинська
Дубечненська	сільська	село Дубечне	Ковельський	Волинська
Сереховичівська	сільська	село Сереховичі	Ковельський	Волинська
Смідинська	сільська	село Смідин	Ковельський	Волинська
Луківська	селищна	с-ще Луків	Ковельський	Волинська
Турійська	селищна	с-ще Турійськ	Ковельський	Волинська
Шацька	селищна	с-ще Шацьк	Ковельський	Волинська
Дніпровська	міська	місто Дніпро	Дніпровський	Дніпропетровська
Вільногірська	міська	місто Вільногірськ	Камʼянський	Дніпропетровська
Камʼянська	міська	місто Камʼянське	Камʼянський	Дніпропетровська
Жовтоводська	міська	місто Жовті Води	Камʼянський	Дніпропетровська
Криворізька	міська	місто Кривий Ріг	Криворізький	Дніпропетровська
Марганецька	міська	місто Марганець	Нікопольський	Дніпропетровська
Нікопольська	міська	місто Нікополь	Нікопольський	Дніпропетровська
Новомосковська	міська	місто Новомосковськ	Новомосковський	Дніпропетровська
Покровська	міська	місто Покров	Нікопольський	Дніпропетровська
Павлоградська	міська	місто Павлоград	Павлоградський	Дніпропетровська
Першотравенська	міська	місто Першотравенськ	Синельниківський	Дніпропетровська
Синельниківська	міська	місто Синельникове	Синельниківський	Дніпропетровська
Тернівська	міська	місто Тернівка	Павлоградський	Дніпропетровська
Апостолівська	міська	місто Апостолове	Криворізький	Дніпропетровська
Зеленодольська	міська	місто Зеленодольськ	Криворізький	Дніпропетровська
Грушівська	сільська	село Грушівка	Криворізький	Дніпропетровська
Нивотрудівська	сільська	село Нива Трудова	Криворізький	Дніпропетровська
Васильківська	селищна	с-ще Васильківка	Синельниківський	Дніпропетровська
Дубовиківська	сільська	село Дубовики	Синельниківський	Дніпропетровська
Верхівцівська	міська	місто Верхівцеве	Камʼянський	Дніпропетровська
Верхньодніпровська	міська	місто Верхньодніпровськ	Камʼянський	Дніпропетровська
Підгородненська	міська	місто Підгородне	Дніпровський	Дніпропетровська
Обухівська	селищна	с-ще Обухівка	Дніпровський	Дніпропетровська
Слобожанська	селищна	с-ще Слобожанське	Дніпровський	Дніпропетровська
Любимівська	сільська	село Любимівка	Дніпровський	Дніпропетровська
Миколаївська	сільська	село Миколаївка	Дніпровський	Дніпропетровська
Новоолександрівська	сільська	село Новоолександрівка	Дніпровський	Дніпропетровська
Сурсько-Литовська	сільська	село Сурсько-Литовське	Дніпровський	Дніпропетровська
Чумаківська	сільська	село Чумаки	Дніпровський	Дніпропетровська
Глеюватська	сільська	село Глеюватка	Криворізький	Дніпропетровська
Лозуватська	сільська	село Лозуватка	Криворізький	Дніпропетровська
Новопільська	сільська	село Новопілля	Криворізький	Дніпропетровська
Божедарівська	селищна	с-ще Божедарівка	Камʼянський	Дніпропетровська
Криничанська	селищна	с-ще Кринички	Камʼянський	Дніпропетровська
Затишнянська	сільська	село Затишне	Камʼянський	Дніпропетровська
Магдалинівська	селищна	с-ще Магдалинівка	Новомосковський	Дніпропетровська
Личківська	сільська	село Личкове	Новомосковський	Дніпропетровська
Чернеччинська	сільська	село Чернеччина	Новомосковський	Дніпропетровська
Межівська	селищна	с-ще Межова	Синельниківський	Дніпропетровська
Новопавлівська	сільська	село Новопавлівка	Синельниківський	Дніпропетровська
Словʼянська	сільська	село Словʼянка	Синельниківський	Дніпропетровська
Червоногригорівська	селищна	с-ще Червоногригорівка	Нікопольський	Дніпропетровська
Першотравневська	сільська	село Першотравневе	Нікопольський	Дніпропетровська
Покровська	сільська	село Покровське	Нікопольський	Дніпропетровська
Перещепинська	міська	місто Перещепине	Новомосковський	Дніпропетровська
Губиниська	селищна	с-ще Губиниха	Новомосковський	Дніпропетровська
Черкаська	селищна	с-ще Черкаське	Новомосковський	Дніпропетровська
Піщанська	сільська	село Піщанка	Новомосковський	Дніпропетровська
Богданівська	сільська	село Богданівка	Павлоградський	Дніпропетровська
Вербківська	сільська	село Вербки	Павлоградський	Дніпропетровська
Межиріцька	сільська	село Межиріч	Павлоградський	Дніпропетровська
Троїцька	сільська	село Троїцьке	Павлоградський	Дніпропетровська
Петриківська	селищна	с-ще Петриківка	Дніпровський	Дніпропетровська
Петропавлівська	селищна	с-ще Петропавлівка	Синельниківський	Дніпропетровська
Брагинівська	сільська	село Богинівка	Синельниківський	Дніпропетровська
Миколаївська	сільська	село Миколаївка	Синельниківський	Дніпропетровська
Українська	селищна	с-ще Українське	Синельниківський	Дніпропетровська
Покровська	селищна	с-ще Покровське	Синельниківський	Дніпропетровська
Великомихайлівська	сільська	село Великомихайлівка	Синельниківський	Дніпропетровська
Маломихайлівська	сільська	село Маломихайлівка	Синельниківський	Дніпропетровська
Пʼятихатська	міська	місто Пʼятихатки	Камʼянський	Дніпропетровська
Вишнівська	селищна	с-ще Вишневе	Камʼянський	Дніпропетровська
Лихівська	селищна	с-ще Лихівка	Камʼянський	Дніпропетровська
Саксаганська	сільська	село Саксагань	Камʼянський	Дніпропетровська
Іларіонівська	селищна	с-ще Іларіонове	Синельниківський	Дніпропетровська
Роздорська	селищна	с-ще Роздори	Синельниківський	Дніпропетровська
Славгородська	селищна	с-ще Славгород	Синельниківський	Дніпропетровська
Зайцівська	сільська	село Зайцеве	Синельниківський	Дніпропетровська
Раївська	сільська	село Раївка	Синельниківський	Дніпропетровська
Новопокровська	селищна	с-ще Новопокровка	Дніпровський	Дніпропетровська
Солонянська	селищна	с-ще Солоне	Дніпровський	Дніпропетровська
Святовасилівська	селищна	с-ще Святовасилівка	Дніпровський	Дніпропетровська
Софіївська	селищна	с-ще Софіївка	Криворізький	Дніпропетровська
Вакулівська	сільська	село Вакулове	Криворізький	Дніпропетровська
Девладівська	селищна	с-ще Девладове	Криворізький	Дніпропетровська
Томаківська	селищна	с-ще Томаківка	Нікопольський	Дніпропетровська
Мирівська	селищна	с-ще Мирове	Нікопольський	Дніпропетровська
Царичанська	селищна	с-ще Царичанка	Дніпровський	Дніпропетровська
Китайгородська	сільська	село Китайгород	Дніпровський	Дніпропетровська
Ляшківська	сільська	село Ляшківка	Дніпровський	Дніпропетровська
Могилівська	сільська	село Могилів	Дніпровський	Дніпропетровська
Широківська	селищна	с-ще Широке	Криворізький	Дніпропетровська
Гречаноподівська	сільська	село Гречані Поди	Криворізький	Дніпропетровська
Карпівська	сільська	село Карпівка	Криворізький	Дніпропетровська
Новолатівська	сільська	село Новолатівка	Криворізький	Дніпропетровська
Юрʼївська	селищна	с-ще Юрʼївка	Павлоградський	Дніпропетровська
Донецька	міська	місто Донецьк	Донецький	Донецька	RU
Авдіївська*	міська	місто Авдіївка	Покровський	Донецька	RU
Бахмутська	міська	місто Бахмут	Бахмутський	Донецька	RU
Горлівська	міська	місто Горлівка	Горлівський	Донецька	RU
Дебальцівська	міська	місто Дебальцеве	Горлівський	Донецька	RU
Торецька*	міська	місто Торецьк	Бахмутський	Донецька	RU
Мирноградська	міська	місто Мирноград	Покровський	Донецька	RU
Білозерська	міська	місто Білозерське	Покровський	Донецька	RU
Добропільська	міська	місто Добропілля	Покровський	Донецька	RU
Новодонецька	селищна	с-ще Новодонецьке	Краматорський	Донецька	RU
Докучаєвська	міська	місто Докучаєвськ	Кальміуський	Донецька	RU
Дружківська	міська	місто Дружківка	Краматорський	Донецька	RU
Єнакієвська	міська	місто Єнакієве	Горлівський	Донецька	RU
Жданівська	міська	місто Жданівка	Горлівський	Донецька	RU
Маріупольська	міська	місто Маріуполь	Маріупольський	Донецька	RU
Сартанська*	селищна	с-ще Сартана	Маріупольський	Донецька	RU
Хрестівська	міська	місто Хрестівка	Горлівський	Донецька	RU
Костянтинівська	міська	місто Костянтинівка	Краматорський	Донецька	RU
Краматорська	міська	місто Краматорськ	Краматорський	Донецька	RU
Покровська	міська	місто Покровськ	Покровський	Донецька	RU
Лиманська	міська	місто Лиман	Краматорський	Донецька	RU
Макіївська	міська	місто Макіївка	Донецький	Донецька	RU
Новогродівська	міська	місто Новогродівка	Покровський	Донецька	RU
Селидівська	міська	місто Селидове	Покровський	Донецька	RU
Святогірська	міська	місто Святогірськ	Краматорський	Донецька	RU
Словʼянська	міська	місто Словʼянськ	Краматорський	Донецька	RU
Сніжнянська	міська	місто Сніжне	Горлівський	Донецька	RU
Чистяківська	міська	місто Чистякове	Горлівський	Донецька	RU
Вугледарська*	міська	місто Вугледар	Волноваський	Донецька	RU
Іловайська	міська	місто Іловайськ	Донецький	Донецька	RU
Харцизька	міська	місто Харцизьк	Донецький	Донецька	RU
Шахтарська	міська	місто Шахтарськ	Горлівський	Донецька	RU
Ясинуватська	міська	місто Ясинувата	Донецький	Донецька	RU
Олександрівська	селищна	с-ще Олександрівка	Краматорський	Донецька	RU
Амвросіївська	міська	місто Амвросіївка	Донецький	Донецька	RU
Вуглегірська	міська	місто Вуглегірськ	Горлівський	Донецька	RU
Світлодарська*	міська	місто Світлодарськ	Бахмутський	Донецька	RU
Сіверська	міська	місто Сіверськ	Бахмутський	Донецька	RU
Соледарська	міська	місто Соледар	Бахмутський	Донецька	RU
Часовоярська	міська	місто Часів Яр	Бахмутський	Донецька	RU
Званівська	сільська	село Званівка	Бахмутський	Донецька	RU
Великоновосілківська	селищна	с-ще Велика Новосілка	Волноваський	Донецька	RU
Комарська	сільська	село Комар	Волноваський	Донецька	RU
Старомлинівська	сільська	село Старомлинівка	Волноваський	Донецька	RU
Волноваська*	міська	місто Волноваха	Волноваський	Донецька	RU
Мирненська*	селищна	с-ще Мирне	Волноваський	Донецька	RU
Ольгинська*	селищна	с-ще Ольгинка	Волноваський	Донецька	RU
Хлібодарівська	сільська	село Хлібодарівка	Волноваський	Донецька	RU
Нікольська	селищна	с-ще Нікольське	Маріупольський	Донецька	RU
Кальчицька	сільська	село Кальчик	Маріупольський	Донецька	RU
Криворізька	сільська	село Криворіжжя	Покровський	Донецька	RU
Шахівська	сільська	село Шахове	Покровський	Донецька	RU
Іллінівська	сільська	село Іллінівка	Краматорський	Донецька	RU
Гродівська	селищна	с-ще Гродівка	Покровський	Донецька	RU
Удачненська	селищна	с-ще Удачне	Покровський	Донецька	RU
Курахівська	міська	місто Курахове	Покровський	Донецька	RU
Марʼїнська*	міська	місто Марʼїнка	Покровський	Донецька	RU
Новоазовська	міська	місто Новоазовськ	Кальміуський	Донецька	RU
Мангушська	селищна	с-ще Мангуш	Маріупольський	Донецька	RU
Миколаївська	міська	місто Миколаївка	Краматорський	Донецька	RU
Черкаська	селищна	с-ще Черкаське	Краматорський	Донецька	RU
Андріївська	сільська	село Андріївка	Краматорський	Донецька	RU
Кальміуська	міська	місто Кальміуське	Кальміуський	Донецька	RU
Старобешівська	селищна	с-ще Старобешеве	Кальміуський	Донецька	RU
Бойківська	селищна	с-ще Бойківське	Кальміуський	Донецька	RU
Очеретинська*	селищна	с-ще Очеретине	Покровський	Донецька	RU
Житомирська	міська	місто Житомир	Житомирський	Житомирська	BY
Бердичівська	міська	місто Бердичів	Бердичівський	Житомирська	BY
Коростенська	міська	місто Коростень	Коростенський	Житомирська	BY
Малинська	міська	місто Малин	Коростенський	Житомирська	BY
Новоград-Волинська	міська	місто Звягель	Звягельський	Житомирська	BY
Андрушівська	міська	місто Андрушівка	Бердичівський	Житомирська	BY
Червоненська	селищна	с-ще Червоне	Бердичівський	Житомирська	BY
Волицька	сільська	село Волиця	Житомирський	Житомирська	BY
Баранівська	міська	місто Баранівка	Новоград-Волинський	Житомирська	BY
Довбиська	селищна	с-ще Довбиш	Новоград-Волинський	Житомирська	BY
Дубрівська	сільська	село Дубрівка	Новоград-Волинський	Житомирська	BY
Гришковецька	селищна	с-ще Гришківці	Бердичівський	Житомирська	BY
Райгородоцька	сільська	село Райгородок	Бердичівський	Житомирська	BY
Семенівська	сільська	село Семенівка	Бердичівський	Житомирська	BY
Швайківська	сільська	село Швайківка	Бердичівський	Житомирська	BY
Брусилівська	селищна	с-ще Брусилів	Житомирський	Житомирська	BY
Іршанська	селищна	с-ще Іршанськ	Коростенський	Житомирська	BY
Новоборівська	селищна	с-ще Нова Борова	Житомирський	Житомирська	BY
Хорошівська	селищна	с-ще Хорошів	Житомирський	Житомирська	BY
Миропільська	селищна	с-ще Миропіль	Житомирський	Житомирська	BY
Романівська	селищна	с-ще Романів	Житомирський	Житомирська	BY
Ємільчинська	селищна	с-ще Ємільчине	Новоград-Волинський	Житомирська	BY
Барашівська	сільська	село Бараші	Новоград-Волинський	Житомирська	BY
Новогуйвинська	селищна	с-ще Новогуйвинське	Житомирський	Житомирська	BY
Березівська	сільська	село Березівка	Житомирський	Житомирська	BY
Глибочицька	сільська	село Глибочиця	Житомирський	Житомирська	BY
Оліївська	сільська	село Оліївка	Житомирський	Житомирська	BY
Станишівська	сільська	село Станишівка	Житомирський	Житомирська	BY
Тетерівська	сільська	село Тетерівка	Житомирський	Житомирська	BY
Горщиківська	сільська	село Горщик	Коростенський	Житомирська	BY
Ушомирська	сільська	село Ушомир	Коростенський	Житомирська	BY
Коростишівська	міська	місто Коростишів	Житомирський	Житомирська	BY
Старосілецька	сільська	село Старосільці	Житомирський	Житомирська	BY
Харитонівська	сільська	село Харитонівка	Житомирський	Житомирська	BY
Лугинська	селищна	с-ще Лугини	Коростенський	Житомирська	BY
Любарська	селищна	с-ще Любар	Житомирський	Житомирська	BY
Чоповицька	селищна	с-ще Чоповичі	Коростенський	Житомирська	BY
Народицька	селищна	с-ще Народичі	Коростенський	Житомирська	BY
Городницька	селищна	с-ще Городниця	Новоград-Волинський	Житомирська	BY
Брониківська	сільська	село Романівка	Новоград-Волинський	Житомирська	BY
Піщівська	сільська	село Піщів	Новоград-Волинський	Житомирська	BY
Стриївська	сільська	село Стриєва	Новоград-Волинський	Житомирська	BY
Чижівська	сільська	село Чижівка	Новоград-Волинський	Житомирська	BY
Ярунська	сільська	село Ярунь	Новоград-Волинський	Житомирська	BY
Овруцька	міська	місто Овруч	Коростенський	Житомирська	BY
Гладковицька	сільська	село Гладковичі	Коростенський	Житомирська	BY
Словечанська	сільська	село Словечне	Коростенський	Житомирська	BY
Олевська	міська	місто Олевськ	Коростенський	Житомирська	BY
Білокоровицька	сільська	село Білокоровичі	Коростенський	Житомирська	BY
Корнинська	селищна	с-ще Корнин	Житомирський	Житомирська	BY
Попільнянська	селищна	с-ще Попільня	Житомирський	Житомирська	BY
Андрушківська	сільська	село Андрушки	Житомирський	Житомирська	BY
Квітнева	сільська	село Квітневе	Житомирський	Житомирська	BY
Радомишльська	міська	місто Радомишль	Житомирський	Житомирська	BY
Городоцька	селищна	с-ще Городок	Житомирський	Житомирська	BY
Вишевицька	сільська	село Вишевичі	Житомирський	Житомирська	BY
Потіївська	сільська	село Потіївка	Житомирський	Житомирська	BY
Ружинська	селищна	с-ще Ружин	Бердичівський	Житомирська	BY
Вчорайшенська	сільська	село Вчорайше	Бердичівський	Житомирська	BY
Пулинська	селищна	с-ще Пулини	Житомирський	Житомирська	BY
Курненська	сільська	село Курне	Житомирський	Житомирська	BY
Черняхівська	селищна	с-ще Черняхів	Житомирський	Житомирська	BY
Високівська	сільська	село Високе	Житомирський	Житомирська	BY
Чуднівська	міська	місто Чуднів	Житомирський	Житомирська	BY
Вільшанська	сільська	село Вільшанка	Житомирський	Житомирська	BY
Краснопільська	сільська	село Краснопіль	Бердичівський	Житомирська	BY
Ужгородська	міська	місто Ужгород	Ужгородський	Закарпатська
Берегівська	міська	місто Берегове	Берегівський	Закарпатська	HU
Мукачівська	міська	місто Мукачево	Мукачівський	Закарпатська
Хустська	міська	місто Хуст	Хустський	Закарпатська
Чопська	міська	місто Чоп	Ужгородський	Закарпатська
Батівська	селищна	с-ще Батьово	Берегівський	Закарпатська	HU
Великоберезька	сільська	село Великі Береги	Берегівський	Закарпатська
Великобийганська	сільська	село Велика Бийгань	Берегівський	Закарпатська	HU
Косоньська	сільська	село Косонь	Берегівський	Закарпатська	HU
Великоберезнянська	селищна	с-ще Великий Березний	Ужгородський	Закарпатська	SK
Костринська	сільська	село Кострина	Ужгородський	Закарпатська
Ставненська	сільська	село Ставне	Ужгородський	Закарпатська
Виноградівська	міська	місто Виноградів	Берегівський	Закарпатська	RO,HU
Вилоцька	селищна	с-ще Вилок	Берегівський	Закарпатська	HU
Королівська	селищна	с-ще Королево	Берегівський	Закарпатська	RO
Пийтерфолвівська	сільська	село Пийтерфолво	Берегівський	Закарпатська	HU,RO
Воловецька	селищна	с-ще Воловець	Мукачівський	Закарпатська
Жденіївська	селищна	с-ще Жденієво	Мукачівський	Закарпатська
Нижньоворітська	сільська	село Нижні Ворота	Мукачівський	Закарпатська
Іршавська	міська	місто Іршава	Хустський	Закарпатська	RO,HU
Білківська	сільська	село Білки	Хустський	Закарпатська	RO,HU
Довжанська	сільська	село Довге	Хустський	Закарпатська	RO,HU
Зарічанська	сільська	село Заріччя	Хустський	Закарпатська
Камʼянська	сільська	село Камʼянське	Берегівський	Закарпатська
Міжгірська	селищна	с-ще Міжгірʼя	Хустський	Закарпатська	PL,HU,RO,SK
Колочавська	сільська	село Колочава	Хустський	Закарпатська
Пилипецька	сільська	село Пилипець	Хустський	Закарпатська
Синевирська	сільська	село Синевир	Хустський	Закарпатська
Кольчинська	селищна	с-ще Кольчино	Мукачівський	Закарпатська
Чинадіївська	селищна	с-ще Чинадійово	Мукачівський	Закарпатська
Великолучківська	сільська	село Великі Лучки	Мукачівський	Закарпатська
Верхньокоропецька	сільська	село Верхній Коропець	Мукачівський	Закарпатська
Горондівська	сільська	село Горонда	Мукачівський	Закарпатська
Івановецька	сільська	село Іванівці	Мукачівський	Закарпатська
Перечинська	міська	місто Перечин	Ужгородський	Закарпатська	SK
Дубриницько-Малоберезнянська	сільська	село Дубриничі	Ужгородський	Закарпатська
Турʼє-Реметівська	сільська	село Турʼї Ремети	Ужгородський	Закарпатська	SK
Рахівська	міська	місто Рахів	Рахівський	Закарпатська	RO
Великобичківська	селищна	с-ще Великий Бичків	Рахівський	Закарпатська	RO
Ясінянська	селищна	с-ще Ясіня	Рахівський	Закарпатська	RO
Богданська	сільська	село Богдан	Рахівський	Закарпатська	RO
Свалявська	міська	місто Свалява	Мукачівський	Закарпатська	SK,HU,RO
Керецьківська	сільська	село Керецьки	Хустський	Закарпатська
Неліпинська	сільська	село Неліпино	Мукачівський	Закарпатська
Полянська	сільська	село Поляна	Мукачівський	Закарпатська
Тячівська	міська	місто Тячів	Тячівський	Закарпатська	RO
Буштинська	селищна	с-ще Буштино	Тячівський	Закарпатська	RO
Дубівська	селищна	с-ще Дубове	Тячівський	Закарпатська	RO
Солотвинська	селищна	с-ще Солотвино	Тячівський	Закарпатська	RO
Тересвянська	селищна	с-ще Тересва	Тячівський	Закарпатська	RO
Усть-Чорнянська	селищна	с-ще Усть-Чорна	Тячівський	Закарпатська	RO
Бедевлянська	сільська	село Бедевля	Тячівський	Закарпатська	RO
Вільховецька	сільська	село Вільхівці	Тячівський	Закарпатська	RO
Нересницька	сільська	село Нересниця	Тячівський	Закарпатська	RO
Углянська	сільська	село Угля	Тячівський	Закарпатська	RO
Середнянська	селищна	с-ще Середнє	Ужгородський	Закарпатська
Баранинська	сільська	село Баранинці	Ужгородський	Закарпатська
Великодобронська	сільська	село Велика Добронь	Ужгородський	Закарпатська
Оноківська	сільська	село Оноківці	Ужгородський	Закарпатська
Сюртівська	сільська	село Сюрте	Ужгородський	Закарпатська
Холмківська	сільська	село Холмок	Ужгородський	Закарпатська
Вишківська	селищна	с-ще Вишково	Хустський	Закарпатська	RO
Горінчівська	сільська	село Горінчово	Хустський	Закарпатська	RO,HU
Драгівська	сільська	село Драгово	Хустський	Закарпатська	RO,HU
Запорізька	міська	місто Запоріжжя	Запорізький	Запорізька
Бердянська	міська	місто Бердянськ	Бердянський	Запорізька
Мелітопольська	міська	місто Мелітополь	Мелітопольський	Запорізька
Токмацька	міська	місто Токмак	Пологівський	Запорізька
Енергодарська	міська	місто Енергодар	Василівський	Запорізька
Кирилівська	селищна	с-ще Кирилівка	Мелітопольський	Запорізька
Якимівська	селищна	с-ще Якимівка	Мелітопольський	Запорізька
Андріївська	селищна	с-ще Андріївка	Бердянський	Запорізька
Андрівська	сільська	село Андрівка	Бердянський	Запорізька
Берестівська	сільська	село Берестове	Бердянський	Запорізька
Осипенківська	сільська	село Осипенко	Бердянський	Запорізька
Василівська	міська	місто Василівка	Василівський	Запорізька
Дніпрорудненська	міська	місто Дніпрорудне	Василівський	Запорізька
Степногірська	селищна	с-ще Степногірськ	Василівський	Запорізька
Малобілозерська	сільська	село Мала Білозерка	Василівський	Запорізька
Великобілозерська	сільська	село Велика Білозерка	Василівський	Запорізька
Веселівська	селищна	с-ще Веселе	Мелітопольський	Запорізька
Новоуспенівська	сільська	село Новоуспенівка	Мелітопольський	Запорізька
Чкаловська	сільська	село Чкалове	Мелітопольський	Запорізька
Вільнянська	міська	місто Вільнянськ	Запорізький	Запорізька
Матвіївська	сільська	село Матвіївка	Запорізький	Запорізька
Михайлівська	сільська	село Михайлівка	Запорізький	Запорізька
Михайло-Лукашівська	сільська	село Михайло-Лукашеве	Запорізький	Запорізька
Павлівська	сільська	село Павлівське	Запорізький	Запорізька
Петро-Михайлівська	сільська	село Петро-Михайлівка	Запорізький	Запорізька
Гуляйпільська	міська	місто Гуляйполе	Пологівський	Запорізька
Воздвижівська	сільська	село Воздвижівка	Пологівський	Запорізька
Малинівська	сільська	село Малинівка	Пологівський	Запорізька
Кушугумська	селищна	с-ще Кушугум	Запорізький	Запорізька
Біленьківська	сільська	село Біленьке	Запорізький	Запорізька
Долинська	сільська	село Долинське	Запорізький	Запорізька
Новоолександрівська	сільська	село Новоолександрівка	Запорізький	Запорізька
Степненська	сільська	село Степне	Запорізький	Запорізька
Широківська	сільська	село Широке	Запорізький	Запорізька
Камʼянсько-Дніпровська	міська	місто Камʼянка-Дніпровська	Василівський	Запорізька
Благовіщенська	сільська	село Благовіщенка	Василівський	Запорізька
Водянська	сільська	село Водяне	Василівський	Запорізька
Більмацька	селищна	с-ще Камʼянка	Пологівський	Запорізька
Комиш-Зорянська	селищна	с-ще Комиш-Зоря	Пологівський	Запорізька
Смирновська	сільська	село Смирнове	Пологівський	Запорізька
Мирненська	селищна	с-ще Мирне	Мелітопольський	Запорізька
Костянтинівська	сільська	село Костянтинівка	Мелітопольський	Запорізька
Новенська	селищна	с-ще Нове	Мелітопольський	Запорізька
Новобогданівська	сільська	село Новобогданівка	Мелітопольський	Запорізька
Семенівська	сільська	село Семенівка	Мелітопольський	Запорізька
Терпіннівська	сільська	село Терпіння	Мелітопольський	Запорізька
Михайлівська	селищна	с-ще Михайлівка	Василівський	Запорізька
Плодородненська	сільська	село Плодородне	Мелітопольський	Запорізька
Роздольська	сільська	село Роздол	Василівський	Запорізька
Новомиколаївська	селищна	с-ще Новомиколаївка	Запорізький	Запорізька
Тернуватська	селищна	с-ще Тернувате	Запорізький	Запорізька
Оріхівська	міська	місто Оріхів	Пологівський	Запорізька
Комишуваська	селищна	с-ще Комишуваха	Запорізький	Запорізька
Малотокмачанська	сільська	село Мала Токмачка	Пологівський	Запорізька
Преображенська	сільська	село Преображенка	Пологівський	Запорізька
Таврійська	сільська	село Таврійське	Запорізький	Запорізька
Пологівська	міська	місто Пологи	Пологівський	Запорізька
Воскресенська	сільська	село Воскресенка	Пологівський	Запорізька
Федорівська	сільська	село Федорівка	Пологівський	Запорізька
Нововасилівська	селищна	с-ще Нововасилівка	Мелітопольський	Запорізька
Приазовська	селищна	с-ще Приазовське	Мелітопольський	Запорізька
Олександрівська	сільська	село Олександрівка	Мелітопольський	Запорізька
Приморська	міська	місто Приморськ	Бердянський	Запорізька
Коларівська	сільська	село Болгарка	Бердянський	Запорізька
Розівська	селищна	с-ще Розівка	Пологівський	Запорізька
Молочанська	міська	місто Молочанськ	Пологівський	Запорізька
Чернігівська	селищна	с-ще Чернігівка	Бердянський	Запорізька
Івано-Франківська	міська	місто Івано-Франківськ	Івано-Франківський	Івано-Франківська
Болехівська	міська	місто Болехів	Калуський	Івано-Франківська
Бурштинська	міська	місто Бурштин	Івано-Франківський	Івано-Франківська
Калуська	міська	місто Калуш	Калуський	Івано-Франківська
Коломийська	міська	місто Коломия	Коломийський	Івано-Франківська	RO
Яремчанська	міська	місто Яремче	Надвірнянський	Івано-Франківська	RO
Ворохтянська	селищна	с-ще Ворохта	Надвірнянський	Івано-Франківська	RO
Поляницька	сільська	село Поляниця	Надвірнянський	Івано-Франківська	RO
Богородчанська	селищна	с-ще Богородчани	Івано-Франківський	Івано-Франківська
Солотвинська	селищна	с-ще Солотвин	Івано-Франківський	Івано-Франківська
Дзвиняцька	сільська	село Дзвиняч	Івано-Франківський	Івано-Франківська
Старобогородчанська	сільська	село Старі Богородчани	Івано-Франківський	Івано-Франківська
Верховинська	селищна	с-ще Верховина	Верховинський	Івано-Франківська	RO
Білоберізька	сільська	село Білоберізка	Верховинський	Івано-Франківська	RO
Зеленська	сільська	село Зелене	Верховинський	Івано-Франківська	RO
Галицька	міська	місто Галич	Івано-Франківський	Івано-Франківська
Більшівцівська	селищна	с-ще Більшівці	Івано-Франківський	Івано-Франківська
Дубовецька	сільська	село Дубівці	Івано-Франківський	Івано-Франківська
Городенківська	міська	місто Городенка	Коломийський	Івано-Франківська	RO
Чернелицька	селищна	с-ще Чернелиця	Коломийський	Івано-Франківська	RO
Долинська	міська	місто Долина	Калуський	Івано-Франківська
Вигодська	селищна	с-ще Вигода	Калуський	Івано-Франківська
Витвицька	сільська	село Витвиця	Калуський	Івано-Франківська
Войнилівська	селищна	с-ще Войнилів	Калуський	Івано-Франківська
Верхнянська	сільська	село Верхня	Калуський	Івано-Франківська
Новицька	сільська	село Новиця	Калуський	Івано-Франківська
Гвіздецька	селищна	с-ще Гвіздець	Коломийський	Івано-Франківська	RO
Отинійська	селищна	с-ще Отинія	Коломийський	Івано-Франківська	RO
Печеніжинська	селищна	с-ще Печеніжин	Коломийський	Івано-Франківська	RO
Коршівська	сільська	село Коршів	Коломийський	Івано-Франківська	RO
Матеївецька	сільська	село Матеївці	Коломийський	Івано-Франківська	RO
Нижньовербізька	сільська	село Нижній Вербіж	Коломийський	Івано-Франківська	RO
Підгайчиківська	сільська	село Підгайчики	Коломийський	Івано-Франківська	RO
Пʼядицька	сільська	село Пʼядики	Коломийський	Івано-Франківська	RO
Косівська	міська	місто Косів	Косівський	Івано-Франківська	RO
Кутська	селищна	с-ще Кути	Косівський	Івано-Франківська	RO
Яблунівська	селищна	с-ще Яблунів	Косівський	Івано-Франківська	RO
Космацька	сільська	село Космач	Косівський	Івано-Франківська	RO
Рожнівська	сільська	село Рожнів	Косівський	Івано-Франківська	RO
Надвірнянська	міська	місто Надвірна	Надвірнянський	Івано-Франківська	RO
Делятинська	селищна	с-ще Делятин	Надвірнянський	Івано-Франківська	RO
Ланчинська	селищна	с-ще Ланчин	Надвірнянський	Івано-Франківська	RO
Пасічнянська	сільська	село Пасічна	Надвірнянський	Івано-Франківська	RO
Переріслянська	сільська	село Перерісль	Надвірнянський	Івано-Франківська	RO
Рогатинська	міська	місто Рогатин	Івано-Франківський	Івано-Франківська
Букачівська	селищна	с-ще Букачівці	Івано-Франківський	Івано-Франківська
Брошнів-Осадська	селищна	с-ще Брошнів-Осада	Калуський	Івано-Франківська
Перегінська	селищна	с-ще Перегінське	Калуський	Івано-Франківська
Рожнятівська	селищна	с-ще Рожнятів	Калуський	Івано-Франківська
Дубівська	сільська	село Дуба	Калуський	Івано-Франківська
Спаська	сільська	село Спас	Калуський	Івано-Франківська
Снятинська	міська	місто Снятин	Коломийський	Івано-Франківська	RO
Заболотівська	селищна	с-ще Заболотів	Коломийський	Івано-Франківська	RO
Тлумацька	міська	місто Тлумач	Івано-Франківський	Івано-Франківська
Обертинська	селищна	с-ще Обертин	Івано-Франківський	Івано-Франківська
Олешанська	сільська	село Олеша	Івано-Франківський	Івано-Франківська
Тисменицька	міська	місто Тисмениця	Івано-Франківський	Івано-Франківська
Єзупільська	селищна	с-ще Єзупіль	Івано-Франківський	Івано-Франківська
Лисецька	селищна	с-ще Лисець	Івано-Франківський	Івано-Франківська
Загвіздянська	сільська	село Загвіздя	Івано-Франківський	Івано-Франківська
Угринівська	сільська	село Угринів	Івано-Франківський	Івано-Франківська
Ямницька	сільська	село Ямниця	Івано-Франківський	Івано-Франківська
Білоцерківська	міська	місто Біла Церква	Білоцерківський	Київська	BY
Березанська	міська	місто Березань	Броварський	Київська	BY
Бориспільська	міська	місто Бориспіль	Бориспільський	Київська	BY
Броварська	міська	місто Бровари	Броварський	Київська	BY
Васильківська	міська	місто Васильків	Обухівський	Київська	BY
Бучанська	міська	місто Буча	Бучанський	Київська	BY
Ірпінська	міська	місто Ірпінь	Бучанський	Київська	BY
Гостомельська	селищна	с-ще Гостомель	Бучанський	Київська	BY
Коцюбинська	селищна	с-ще Коцюбинське	Бучанський	Київська	BY
Переяславська	міська	місто Переяслав	Бориспільський	Київська	BY
Фастівська	міська	місто Фастів	Фастівський	Київська	BY
Ржищівська	міська	місто Ржищів	Обухівський	Київська	BY
Славутицька	міська	місто Славутич	Вишгородський	Київська	BY
Обухівська	міська	місто Обухів	Обухівський	Київська	BY
Баришівська	селищна	с-ще Баришівка	Броварський	Київська	BY
Узинська	міська	місто Узин	Білоцерківський	Київська	BY
Маловільшанська	сільська	село Мала Вільшанка	Білоцерківський	Київська	BY
Фурсівська	сільська	село Фурси	Білоцерківський	Київська	BY
Богуславська	міська	місто Богуслав	Обухівський	Київська	BY
Медвинська	сільська	село Медвин	Білоцерківський	Київська	BY
Вороньківська	сільська	село Вороньків	Бориспільський	Київська	BY
Гірська	сільська	село Гора	Бориспільський	Київська	BY
Золочівська	сільська	село Гнідин	Бориспільський	Київська	BY
Пристолична	сільська	село Щасливе	Бориспільський	Київська	BY
Бородянська	селищна	с-ще Бородянка	Бучанський	Київська	BY
Немішаївська	селищна	с-ще Немішаєве	Бучанський	Київська	BY
Пісківська	селищна	с-ще Пісківка	Бучанський	Київська	BY
Великодимерська	селищна	с-ще Велика Димерка	Броварський	Київська	BY
Калинівська	селищна	с-ще Калинівка	Броварський	Київська	BY
Калитянська	селищна	с-ще Калита	Броварський	Київська	BY
Зазимська	сільська	село Зазимʼя	Броварський	Київська	BY
Глевахівська	селищна	с-ще Глеваха	Фастівський	Київська	BY
Гребінківська	селищна	с-ще Гребінки	Білоцерківський	Київська	BY
Калинівська	селищна	с-ще Калинівка	Фастівський	Київська	BY
Ковалівська	сільська	село Ковалівка	Білоцерківський	Київська	BY
Володарська	селищна	с-ще Володарка	Білоцерківський	Київська	BY
Вишгородська	міська	місто Вишгород	Вишгородський	Київська	BY
Димерська	селищна	с-ще Димер	Вишгородський	Київська	BY
Петрівська	сільська	село Нові Петрівці	Вишгородський	Київська	BY
Пірнівська	сільська	село Пірнове	Вишгородський	Київська	BY
Згурівська	селищна	с-ще Згурівка	Броварський	Київська	BY
Іванківська	селищна	с-ще Іванків	Вишгородський	Київська	BY
Кагарлицька	міська	місто Кагарлик	Обухівський	Київська	BY
Боярська	міська	місто Боярка	Фастівський	Київська	BY
Вишнева	міська	місто Вишневе	Бучанський	Київська	BY
Чабанівська	селищна	с-ще Чабани	Фастівський	Київська	BY
Білогородська	сільська	село Білогородка	Бучанський	Київська	BY
Борщагівська	сільська	село Петропавлівська Борщагівка	Бучанський	Київська	BY
Гатненська	сільська	село Гатне	Фастівський	Київська	BY
Дмитрівська	сільська	село Дмитрівка	Бучанський	Київська	BY
Феодосіївська	сільська	село Ходосівка	Обухівський	Київська	BY
Макарівська	селищна	с-ще Макарів	Бучанський	Київська	BY
Бишівська	сільська	село Бишів	Фастівський	Київська	BY
Миронівська	міська	місто Миронівка	Обухівський	Київська	BY
Українська	міська	місто Українка	Обухівський	Київська	BY
Козинська	селищна	с-ще Козин	Обухівський	Київська	BY
Дівичківська	сільська	село Дівички	Бориспільський	Київська	BY
Студениківська	сільська	село Студеники	Бориспільський	Київська	BY
Ташанська	сільська	село Ташань	Бориспільський	Київська	BY
Циблівська	сільська	село Циблі	Бориспільський	Київська	BY
Поліська	селищна	с-ще Красятичі	Вишгородський	Київська	BY
Рокитнянська	селищна	с-ще Рокитне	Білоцерківський	Київська	BY
Сквирська	міська	місто Сквира	Білоцерківський	Київська	BY
Ставищенська	селищна	с-ще Ставище	Білоцерківський	Київська	BY
Таращанська	міська	місто Тараща	Білоцерківський	Київська	BY
Тетіївська	міська	місто Тетіїв	Білоцерківський	Київська	BY
Кожанська	селищна	с-ще Кожанка	Фастівський	Київська	BY
Томашівська	сільська	село Томашівка	Фастівський	Київська	BY
Яготинська	міська	місто Яготин	Бориспільський	Київська	BY
Кропивницька	міська	місто Кропивницький	Кропивницький	Кіровоградська
Олександрійська	міська	місто Олександрія	Олександрійський	Кіровоградська
Пантаївська	селищна	с-ще Пантаївка	Олександрійський	Кіровоградська
Знамʼянська	міська	місто Знамʼянка	Кропивницький	Кіровоградська
Світловодська	міська	місто Світловодськ	Олександрійський	Кіровоградська
Новопразька	селищна	с-ще Нова Прага	Олександрійський	Кіровоградська
Приютівська	селищна	с-ще Приютівка	Олександрійський	Кіровоградська
Попельнастівська	сільська	село Попельнасте	Олександрійський	Кіровоградська
Олександрівська	селищна	с-ще Олександрівка	Кропивницький	Кіровоградська
Бобринецька	міська	місто Бобринець	Кропивницький	Кіровоградська
Кетрисанівська	сільська	село Кетрисанівка	Кропивницький	Кіровоградська
Гайворонська	міська	місто Гайворон	Голованівський	Кіровоградська
Заваллівська	селищна	с-ще Завалля	Голованівський	Кіровоградська
Голованівська	селищна	с-ще Голованівськ	Голованівський	Кіровоградська
Побузька	селищна	с-ще Побузьке	Голованівський	Кіровоградська
Перегонівська	сільська	село Перегонівка	Голованівський	Кіровоградська
Помічнянська	міська	місто Помічна	Новоукраїнський	Кіровоградська
Добровеличківська	селищна	с-ще Добровеличківка	Новоукраїнський	Кіровоградська
Піщанобрідська	сільська	село Піщаний Брід	Новоукраїнський	Кіровоградська
Тишківська	сільська	село Тишківка	Новоукраїнський	Кіровоградська
Долинська	міська	місто Долинська	Кропивницький	Кіровоградська
Гурівська	сільська	село Гурівка	Кропивницький	Кіровоградська
Дмитрівська	сільська	село Дмитрівка	Кропивницький	Кіровоградська
Суботцівська	сільська	село Суботці	Кропивницький	Кіровоградська
Аджамська	сільська	село Аджамка	Кропивницький	Кіровоградська
Великосеверинівська	сільська	село Велика Северинка	Кропивницький	Кіровоградська
Катеринівська	сільська	село Катеринівка	Кропивницький	Кіровоградська
Первозванівська	сільська	село Первозванівка	Кропивницький	Кіровоградська
Соколівська	сільська	село Соколівське	Кропивницький	Кіровоградська
Компаніївська	селищна	с-ще Компаніївка	Кропивницький	Кіровоградська
Маловисківська	міська	місто Мала Виска	Новоукраїнський	Кіровоградська
Смолінська	селищна	с-ще Смоліне	Новоукраїнський	Кіровоградська
Злинська	сільська	село Злинка	Новоукраїнський	Кіровоградська
Марʼянівська	сільська	село Велика Виска	Новоукраїнський	Кіровоградська
Новгородківська	селищна	с-ще Новгородка	Кропивницький	Кіровоградська
Новоархангельська	селищна	с-ще Новоархангельськ	Голованівський	Кіровоградська
Надлацька	сільська	село Надлак	Голованівський	Кіровоградська
Підвисоцька	сільська	село Підвисоке	Голованівський	Кіровоградська
Новомиргородська	міська	місто Новомиргород	Новоукраїнський	Кіровоградська
Новоукраїнська	міська	місто Новоукраїнка	Новоукраїнський	Кіровоградська
Ганнівська	сільська	село Ганнівка	Новоукраїнський	Кіровоградська
Глодоська	сільська	село Глодоси	Новоукраїнський	Кіровоградська
Рівнянська	сільська	село Рівне	Новоукраїнський	Кіровоградська
Вільшанська	селищна	с-ще Вільшанка	Голованівський	Кіровоградська
Онуфріївська	селищна	с-ще Онуфріївка	Олександрійський	Кіровоградська
Петрівська	селищна	с-ще Петрове	Олександрійський	Кіровоградська
Великоандрусівська	сільська	село Велика Андрусівка	Олександрійський	Кіровоградська
Благовіщенська	міська	місто Благовіщенське	Голованівський	Кіровоградська
Устинівська	селищна	с-ще Устинівка	Кропивницький	Кіровоградська
Луганська	міська	місто Луганськ	Луганський	Луганська	RU
Антрацитівська	міська	місто Антрацит	Ровеньківський	Луганська	RU
Алчевська	міська	місто Алчевськ	Алчевський	Луганська	RU
Молодогвардійська	міська	місто Молодогвардійськ	Луганський	Луганська	RU
Сорокинська	міська	місто Сорокине	Довжанський	Луганська	RU
Хрустальненська	міська	місто Хрустальний	Ровеньківський	Луганська	RU
Лисичанська*	міська	місто Лисичанськ	Сєвєродонецький	Луганська	RU
Ровеньківська	міська	місто Ровеньки	Ровеньківський	Луганська	RU
Рубіжанська	міська	місто Рубіжне	Сєвєродонецький	Луганська	RU
Довжанська	міська	місто Довжанськ	Довжанський	Луганська	RU
Сєвєродонецька*	міська	місто Сєвєродонецьк	Сєвєродонецький	Луганська	RU
Кадіївська	міська	місто Кадіївка	Алчевський	Луганська	RU
Біловодська	селищна	с-ще Біловодськ	Старобільський	Луганська	RU
Білокуракинська	селищна	с-ще Білокуракине	Сватівський	Луганська	RU
Лозно-Олександрівська	селищна	с-ще Лозно-Олександрівка	Сватівський	Луганська	RU
Кремінська	міська	місто Кремінна	Сєвєродонецький	Луганська	RU
Красноріченська	селищна	с-ще Красноріченське	Сватівський	Луганська	RU
Лутугинська	міська	місто Лутугине	Луганський	Луганська	RU
Марківська	селищна	с-ще Марківка	Старобільський	Луганська	RU
Міловська	селищна	с-ще Мілове	Старобільський	Луганська	RU
Щастинська*	міська	місто Щастя	Щастинський	Луганська	RU
Новоайдарська	селищна	с-ще Новоайдар	Щастинський	Луганська	RU
Білолуцька	селищна	с-ще Білолуцьк	Старобільський	Луганська	RU
Новопсковська	селищна	с-ще Новопсков	Старобільський	Луганська	RU
Гірська*	міська	місто Гірське	Сєвєродонецький	Луганська	RU
Попаснянська*	міська	місто Попасна	Сєвєродонецький	Луганська	RU
Сватівська	міська	місто Сватове	Сватівський	Луганська	RU
Нижньодуванська	селищна	с-ще Нижня Дуванка	Сватівський	Луганська	RU
Коломийчиська	сільська	село Коломийчиха	Сватівський	Луганська	RU
Зимогірʼївська	міська	місто Зимогірʼя	Алчевський	Луганська	RU
Станично-Луганська*	селищна	с-ще Станиця Луганська	Щастинський	Луганська	RU
Нижньотеплівська*	сільська	село Нижньотепле	Щастинський	Луганська	RU
Широківська*	селищна	с-ще Широкий	Щастинський	Луганська	RU
Старобільська	міська	місто Старобільськ	Старобільський	Луганська	RU
Чмирівська	сільська	село Чмирівка	Старобільський	Луганська	RU
Шульгинська	сільська	село Шульгинка	Старобільський	Луганська	RU
Троїцька	селищна	с-ще Троїцьке	Сватівський	Луганська	RU
Львівська	міська	місто Львів	Львівський	Львівська	PL
Бориславська	міська	місто Борислав	Дрогобицький	Львівська	PL
Східницька	селищна	с-ще Східниця	Дрогобицький	Львівська	PL
Дрогобицька	міська	місто Дрогобич	Дрогобицький	Львівська	PL
Моршинська	міська	місто Моршин	Стрийський	Львівська	PL
Новороздільська	міська	місто Новий Розділ	Стрийський	Львівська	PL
Самбірська	міська	місто Самбір	Самбірський	Львівська	PL
Стрийська	міська	місто Стрий	Стрийський	Львівська	PL
Трускавецька	міська	місто Трускавець	Дрогобицький	Львівська	PL
Червоноградська	міська	місто Червоноград	Червоноградський	Львівська	PL
Бродівська	міська	місто Броди	Золочівський	Львівська	PL
Підкамінська	селищна	с-ще Підкамінь	Золочівський	Львівська	PL
Заболотцівська	сільська	село Заболотці	Золочівський	Львівська	PL
Буська	міська	місто Буськ	Золочівський	Львівська	PL
Красненська	селищна	с-ще Красне	Золочівський	Львівська	PL
Городоцька	міська	місто Городок	Львівський	Львівська	PL
Комарнівська	міська	місто Комарно	Львівський	Львівська	PL
Великолюбінська	селищна	с-ще Великий Любінь	Львівський	Львівська	PL
Меденицька	селищна	с-ще Меденичі	Дрогобицький	Львівська	PL
Жидачівська	міська	місто Жидачів	Стрийський	Львівська	PL
Ходорівська	міська	місто Ходорів	Стрийський	Львівська	PL
Гніздичівська	селищна	с-ще Гніздичів	Стрийський	Львівська	PL
Журавненська	селищна	с-ще Журавно	Стрийський	Львівська	PL
Глинянська	міська	місто Глиняни	Львівський	Львівська	PL
Золочівська	міська	місто Золочів	Золочівський	Львівська	PL
Поморянська	селищна	с-ще Поморяни	Золочівський	Львівська	PL
Камʼянка-Бузька	міська	місто Камʼянка-Бузька	Львівський	Львівська	PL
Добротвірська	селищна	с-ще Добротвір	Червоноградський	Львівська	PL
Новояричівська	селищна	с-ще Новий Яричів	Львівський	Львівська	PL
Жовтанецька	сільська	село Жовтанці	Львівський	Львівська	PL
Мостиська	міська	місто Мостиська	Яворівський	Львівська	PL
Судововишнянська	міська	місто Судова Вишня	Яворівський	Львівська	PL
Шегинівська	сільська	село Шегині	Яворівський	Львівська	PL
Жовківська	міська	місто Жовква	Львівський	Львівська	PL
Рава-Руська	міська	місто Рава-Руська	Львівський	Львівська	PL
Куликівська	селищна	с-ще Куликів	Львівський	Львівська	PL
Добросинсько-Магерівська	сільська	село Добросин	Львівський	Львівська	PL
Миколаївська	міська	місто Миколаїв	Стрийський	Львівська	PL
Розвадівська	сільська	село Розвадів	Стрийський	Львівська	PL
Тростянецька	сільська	село Тростянець	Стрийський	Львівська	PL
Бібрська	міська	місто Бібрка	Львівський	Львівська	PL
Перемишлянська	міська	місто Перемишляни	Львівський	Львівська	PL
Пустомитівська	міська	місто Пустомити	Львівський	Львівська	PL
Щирецька	селищна	с-ще Щирець	Львівський	Львівська	PL
Давидівська	сільська	село Давидів	Львівський	Львівська	PL
Зимноводівська	сільська	село Зимна Вода	Львівський	Львівська	PL
Мурованська	сільська	село Муроване	Львівський	Львівська	PL
Оброшинська	сільська	село Оброшине	Львівський	Львівська	PL
Підберізцівська	сільська	село Підберізці	Львівський	Львівська	PL
Сокільницька	сільська	село Сокільники	Львівський	Львівська	PL
Солонківська	сільська	село Солонка	Львівський	Львівська	PL
Радехівська	міська	місто Радехів	Червоноградський	Львівська	PL
Лопатинська	селищна	с-ще Лопатин	Червоноградський	Львівська	PL
Новокалинівська	міська	місто Новий Калинів	Самбірський	Львівська	PL
Рудківська	міська	місто Рудки	Самбірський	Львівська	PL
Бісковицька	сільська	село Бісковичі	Самбірський	Львівська	PL
Ралівська	сільська	село Ралівка	Самбірський	Львівська	PL
Сколівська	міська	місто Сколе	Стрийський	Львівська	PL
Славська	селищна	с-ще Славське	Стрийський	Львівська	PL
Козівська	сільська	село Козьова	Стрийський	Львівська	PL
Белзька	міська	місто Белз	Червоноградський	Львівська	PL
Великомостівська	міська	місто Великі Мости	Червоноградський	Львівська	PL
Сокальська	міська	місто Сокаль	Червоноградський	Львівська	PL
Добромильська	міська	місто Добромиль	Самбірський	Львівська	PL
Старосамбірська	міська	місто Старий Самбір	Самбірський	Львівська	PL
Хирівська	міська	місто Хирів	Самбірський	Львівська	PL
Стрілківська	сільська	село Стрілки	Самбірський	Львівська	PL
Грабовецько-Дулібівська	сільська	село Дуліби	Стрийський	Львівська	PL
Турківська	міська	місто Турка	Самбірський	Львівська	PL
Боринська	селищна	с-ще Бориня	Самбірський	Львівська	PL
Новояворівська	міська	місто Новояворівськ	Яворівський	Львівська	PL
Яворівська	міська	місто Яворів	Яворівський	Львівська	PL
Івано-Франківська	селищна	с-ще Івано-Франкове	Яворівський	Львівська	PL
Миколаївська	міська	місто Миколаїв	Миколаївський	Миколаївська	MD
Вознесенська	міська	місто Вознесенськ	Вознесенський	Миколаївська	MD
Очаківська	міська	місто Очаків	Миколаївський	Миколаївська	MD
Первомайська	міська	місто Первомайськ	Первомайський	Миколаївська	MD
Южноукраїнська	міська	місто Южноукраїнськ	Вознесенський	Миколаївська	MD
Арбузинська	селищна	с-ще Арбузинка	Первомайський	Миколаївська	MD
Благодатненська	сільська	село Благодатне	Первомайський	Миколаївська	MD
Баштанська	міська	місто Баштанка	Баштанський	Миколаївська	MD
Інгульська	сільська	село Інгулка	Баштанський	Миколаївська	MD
Привільненська	сільська	село Привільне	Баштанський	Миколаївська	MD
Березанська	селищна	с-ще Березанка	Миколаївський	Миколаївська	MD
Коблівська	сільська	село Коблеве	Миколаївський	Миколаївська	MD
Березнегуватська	селищна	с-ще Березнегувате	Баштанський	Миколаївська	MD
Братська	селищна	с-ще Братське	Вознесенський	Миколаївська	MD
Новомарʼївська	сільська	село Новомарʼївка	Вознесенський	Миколаївська	MD
Веселинівська	селищна	с-ще Веселинове	Вознесенський	Миколаївська	MD
Олександрівська	селищна	с-ще Олександрівка	Вознесенський	Миколаївська	MD
Бузька	сільська	село Бузьке	Вознесенський	Миколаївська	MD
Дорошівська	сільська	село Дорошівка	Вознесенський	Миколаївська	MD
Прибужанівська	сільська	село Прибужани	Вознесенський	Миколаївська	MD
Врадіївська	селищна	с-ще Врадіївка	Первомайський	Миколаївська	MD
Доманівська	селищна	с-ще Доманівка	Вознесенський	Миколаївська	MD
Мостівська	сільська	село Мостове	Вознесенський	Миколаївська	MD
Прибузька	сільська	село Прибужжя	Вознесенський	Миколаївська	MD
Єланецька	селищна	с-ще Єланець	Вознесенський	Миколаївська	MD
Воскресенська	селищна	с-ще Воскресенське	Миколаївський	Миколаївська	MD
Первомайська	селищна	с-ще Первомайське	Миколаївський	Миколаївська	MD
Галицинівська	сільська	село Галицинове	Миколаївський	Миколаївська	MD
Мішково-Погорілівська	сільська	село Мішково-Погорілове	Миколаївський	Миколаївська	MD
Шевченківська	сільська	село Шевченкове	Миколаївський	Миколаївська	MD
Казанківська	селищна	с-ще Казанка	Баштанський	Миколаївська	MD
Володимирівська	сільська	село Володимирівка	Баштанський	Миколаївська	MD
Кривоозерська	селищна	с-ще Криве Озеро	Первомайський	Миколаївська	MD
Ольшанська	селищна	с-ще Ольшанське	Миколаївський	Миколаївська	MD
Веснянська	селищна	с-ще Весняне	Миколаївський	Миколаївська	MD
Нечаянська	сільська	село Нечаяне	Миколаївський	Миколаївська	MD
Радсадівська	селищна	с-ще Радісний Сад	Миколаївський	Миколаївська	MD
Степівська	сільська	село Степове	Миколаївський	Миколаївська	MD
Новобузька	міська	місто Новий Буг	Баштанський	Миколаївська	MD
Вільнозапорізька	сільська	село Вільне Запоріжжя	Баштанський	Миколаївська	MD
Софіївська	сільська	село Софіївка	Баштанський	Миколаївська	MD
Новоодеська	міська	місто Нова Одеса	Миколаївський	Миколаївська	MD
Костянтинівська	сільська	село Костянтинівка	Миколаївський	Миколаївська	MD
Сухоєланецька	сільська	село Сухий Єланець	Миколаївський	Миколаївська	MD
Куцурубська	сільська	село Куцуруб	Миколаївський	Миколаївська	MD
Чорноморська	сільська	село Чорноморка	Миколаївський	Миколаївська	MD
Камʼяномостівська	селищна	с-ще Камʼяний Міст	Первомайський	Миколаївська	MD
Мигіївська	сільська	село Мигія	Первомайський	Миколаївська	MD
Синюхинобрідська	сільська	село Синюхин Брід	Первомайський	Миколаївська	MD
Снігурівська	міська	місто Снігурівка	Баштанський	Миколаївська	MD
Горохівська	сільська	село Горохівське	Баштанський	Миколаївська	MD
Широківська	селищна	с-ще Широке	Баштанський	Миколаївська	MD
Андрієво-Іванівська	сільська	село Андрієво-Іванівка	Березівський	Одеська	MD
Березівська	міська	місто Березівка	Березівський	Одеська	MD
Великобуялицька	сільська	село Великий Буялик	Березівський	Одеська	MD
Знамʼянська	сільська	село Знамʼянка	Березівський	Одеська	MD
Іванівська	селищна	с-ще Іванівка	Березівський	Одеська	MD
Коноплянська	сільська	село Конопляне	Березівський	Одеська	MD
Курісовська	сільська	село Курісове	Березівський	Одеська	MD
Миколаївська	селищна	с-ще Миколаївка	Березівський	Одеська	MD
Новокальчевська	сільська	село Новокальчеве	Березівський	Одеська	MD
Петровірівська	сільська	село Петровірівка	Березівський	Одеська	MD
Раухівська	селищна	с-ще Раухівка	Березівський	Одеська	MD
Розквітівська	сільська	село Розквіт	Березівський	Одеська	MD
Старомаяківська	сільська	село Старі Маяки	Березівський	Одеська	MD
Стрюківська	сільська	село Стрюкове	Березівський	Одеська	MD
Чогодарівська	сільська	село Чогодарівка	Березівський	Одеська	MD
Ширяївська	селищна	с-ще Ширяєве	Березівський	Одеська	MD
Білгород-Дністровська	міська	місто Білгород-Дністровський	Білгород-Дністровський	Одеська	MD
Дивізійська	сільська	село Дивізія	Білгород-Дністровський	Одеська	MD
Кароліно-Бугазька	сільська	село Кароліно-Бугаз	Білгород-Дністровський	Одеська	MD
Кулевчанська	сільська	село Кулевча	Білгород-Дністровський	Одеська	MD
Лиманська	сільська	село Лиман	Білгород-Дністровський	Одеська	MD
Маразліївська	сільська	село Маразліївка	Білгород-Дністровський	Одеська	MD
Мологівська	сільська	село Молога	Білгород-Дністровський	Одеська	MD
Петропавлівська	сільська	село Петропавлівка	Білгород-Дністровський	Одеська	MD
Плахтіївська	сільська	село Плахтіївка	Білгород-Дністровський	Одеська	MD
Саратська	селищна	с-ще Сарата	Білгород-Дністровський	Одеська	MD,RO
Сергіївська	селищна	с-ще Сергіївка	Білгород-Дністровський	Одеська	MD
Старокозацька	сільська	село Старокозаче	Білгород-Дністровський	Одеська	MD
Татарбунарська	міська	місто Татарбунари	Білгород-Дністровський	Одеська	MD
Тузлівська	сільська	село Тузли	Білгород-Дністровський	Одеська	MD
Успенівська	сільська	село Успенівка	Білгород-Дністровський	Одеська	MD
Шабівська	сільська	село Шабо	Білгород-Дністровський	Одеська	MD
Арцизька	міська	місто Арциз	Болградський	Одеська	MD
Болградська	міська	місто Болград	Болградський	Одеська	MD
Бородінська	селищна	с-ще Бородіно	Болградський	Одеська	MD
Василівська	сільська	село Василівка	Болградський	Одеська	MD
Городненська	сільська	село Городнє	Болградський	Одеська	MD
Криничненська	сільська	село Криничне	Болградський	Одеська	RO,MD
Кубейська	сільська	село Кубей	Болградський	Одеська	MD
Павлівська	сільська	село Павлівка	Болградський	Одеська	MD
Тарутинська	селищна	с-ще Тарутине	Болградський	Одеська	MD
Теплицька	сільська	село Теплиця	Болградський	Одеська	MD
Вилківська	міська	місто Вилкове	Ізмаїльський	Одеська	RO
Ізмаїльська	міська	місто Ізмаїл	Ізмаїльський	Одеська	RO
Кілійська	міська	місто Кілія	Ізмаїльський	Одеська	RO
Ренійська	міська	місто Рені	Ізмаїльський	Одеська	MD,RO
Сафʼянівська	сільська	село Сафʼяни	Ізмаїльський	Одеська	RO
Суворовська	селищна	с-ще Суворове	Ізмаїльський	Одеська	RO
Авангардівська	селищна	с-ще Авангард	Одеський	Одеська	MD
Біляївська	міська	місто Біляївка	Одеський	Одеська	MD
Великодальницька	сільська	село Великий Дальник	Одеський	Одеська	MD
Великодолинська	селищна	с-ще Великодолинське	Одеський	Одеська	MD
Вигодянська	сільська	село Вигода	Одеський	Одеська	MD
Визирська	сільська	село Визирка	Одеський	Одеська	MD
Дальницька	сільська	село Дальник	Одеський	Одеська	MD
Дачненська	сільська	село Дачне	Одеський	Одеська	MD
Доброславська	селищна	с-ще Доброслав	Одеський	Одеська	MD
Красносільська	сільська	село Красносілка	Одеський	Одеська	MD
Маяківська	сільська	село Маяки	Одеський	Одеська	MD
Нерубайська	сільська	село Нерубайське	Одеський	Одеська	MD
Овідіопольська	селищна	с-ще Овідіополь	Одеський	Одеська	MD
Одеська	міська	місто Одеса	Одеський	Одеська	MD
Таїровська	селищна	с-ще Таїрове	Одеський	Одеська	MD
Теплодарська	міська	місто Теплодар	Одеський	Одеська	MD
Усатівська	сільська	село Усатове	Одеський	Одеська	MD
Фонтанська	сільська	село Фонтанка	Одеський	Одеська	MD
Чорноморська	міська	місто Чорноморськ	Одеський	Одеська	MD
Чорноморська	селищна	с-ще Чорноморське	Одеський	Одеська	MD
Южненська	міська	місто Южне	Одеський	Одеська	MD
Яськівська	сільська	село Яськи	Одеський	Одеська	MD
Ананьївська	міська	місто Ананьїв	Подільський	Одеська	MD
Балтська	міська	місто Балта	Подільський	Одеська	MD
Долинська	сільська	село Долинське	Подільський	Одеська	MD
Зеленогірська	селищна	с-ще Зеленогірське	Подільський	Одеська	MD
Кодимська	міська	місто Кодима	Подільський	Одеська	MD
Куяльницька	сільська	село Куяльник	Подільський	Одеська	MD
Любашівська	селищна	с-ще Любашівка	Подільський	Одеська	MD
Окнянська	селищна	с-ще Окни	Подільський	Одеська	MD
Піщанська	сільська	село Піщана	Подільський	Одеська	MD
Подільська	міська	місто Подільськ	Подільський	Одеська	MD
Савранська	селищна	с-ще Саврань	Подільський	Одеська	MD
Слобідська	селищна	с-ще Слобідка	Подільський	Одеська	MD
Великомихайлівська	селищна	с-ще Велика Михайлівка	Роздільнянський	Одеська	MD
Великоплосківська	сільська	село Великоплоске	Роздільнянський	Одеська	MD
Затишанська	селищна	с-ще Затишшя	Роздільнянський	Одеська	MD
Захарівська	селищна	с-ще Захарівка	Роздільнянський	Одеська	MD
Лиманська	селищна	с-ще Лиманське	Роздільнянський	Одеська	MD
Новоборисівська	сільська	село Новоборисівка	Роздільнянський	Одеська	MD
Роздільнянська	міська	місто Роздільна	Роздільнянський	Одеська	MD
Степанівська	сільська	село Степанівка	Роздільнянський	Одеська	MD
Цебриківська	селищна	с-ще Цебрикове	Роздільнянський	Одеська	MD
Полтавська	міська	місто Полтава	Полтавський	Полтавська	RU
Горішньоплавнівська	міська	місто Горішні Плавні	Кременчуцький	Полтавська	RU
Гадяцька	міська	місто Гадяч	Миргородський	Полтавська	RU
Кременчуцька	міська	місто Кременчук	Кременчуцький	Полтавська	RU
Лубенська	міська	місто Лубни	Лубенський	Полтавська	RU
Миргородська	міська	місто Миргород	Миргородський	Полтавська	RU
Великобагачанська	селищна	с-ще Велика Багачка	Миргородський	Полтавська	RU
Гоголівська	селищна	с-ще Гоголеве	Миргородський	Полтавська	RU
Білоцерківська	сільська	село Білоцерківка	Миргородський	Полтавська	RU
Великобудищанська	сільська	село Великі Будища	Миргородський	Полтавська	RU
Краснолуцька	сільська	село Красна Лука	Миргородський	Полтавська	RU
Лютенська	сільська	село Лютенька	Миргородський	Полтавська	RU
Петрівсько-Роменська	сільська	село Петрівка-Роменська	Миргородський	Полтавська	RU
Сергіївська	сільська	село Сергіївка	Миргородський	Полтавська	RU
Глобинська	міська	місто Глобине	Кременчуцький	Полтавська	RU
Градизька	селищна	с-ще Градизьк	Кременчуцький	Полтавська	RU
Гребінківська	міська	місто Гребінка	Лубенський	Полтавська	RU
Диканська	селищна	с-ще Диканька	Полтавський	Полтавська	RU
Зіньківська	міська	місто Зіньків	Полтавський	Полтавська	RU
Опішнянська	селищна	с-ще Опішня	Полтавський	Полтавська	RU
Карлівська	міська	місто Карлівка	Полтавський	Полтавська	RU
Ланнівська	селищна	с-ще Ланна	Полтавський	Полтавська	RU
Мартинівська	сільська	село Мартинівка	Полтавський	Полтавська	RU
Кобеляцька	міська	місто Кобеляки	Полтавський	Полтавська	RU
Білицька	селищна	с-ще Білики	Полтавський	Полтавська	RU
Козельщинська	селищна	с-ще Козельщина	Кременчуцький	Полтавська	RU
Новогалещинська	селищна	с-ще Нова Галещина	Кременчуцький	Полтавська	RU
Котелевська	селищна	с-ще Котельва	Полтавський	Полтавська	RU
Великорублівська	сільська	село Велика Рублівка	Полтавський	Полтавська	RU
Камʼянопотоківська	сільська	село Камʼяні Потоки	Кременчуцький	Полтавська	RU
Омельницька	сільська	село Омельник	Кременчуцький	Полтавська	RU
Піщанська	сільська	село Піщане	Кременчуцький	Полтавська	RU
Пришибська	сільська	село Пришиб	Кременчуцький	Полтавська	RU
Заводська	міська	місто Заводське	Миргородський	Полтавська	RU
Лохвицька	міська	місто Лохвиця	Миргородський	Полтавська	RU
Сенчанська	сільська	село Сенча	Миргородський	Полтавська	RU
Машівська	селищна	с-ще Машівка	Полтавський	Полтавська	RU
Михайлівська	сільська	село Михайлівка	Полтавський	Полтавська	RU
Комишнянська	селищна	с-ще Комишня	Миргородський	Полтавська	RU
Ромоданівська	селищна	с-ще Ромодан	Миргородський	Полтавська	RU
Великосорочинська	сільська	село Великі Сорочинці	Миргородський	Полтавська	RU
Новосанжарська	селищна	с-ще Нові Санжари	Полтавський	Полтавська	RU
Драбинівська	сільська	село Драбинівка	Полтавський	Полтавська	RU
Нехворощанська	сільська	село Нехвороща	Полтавський	Полтавська	RU
Новооржицька	селищна	с-ще Новооржицьке	Лубенський	Полтавська	RU
Оржицька	селищна	с-ще Оржиця	Лубенський	Полтавська	RU
Пирятинська	міська	місто Пирятин	Лубенський	Полтавська	RU
Коломацька	сільська	село Коломацьке	Полтавський	Полтавська	RU
Мачухівська	сільська	село Мачухи	Полтавський	Полтавська	RU
Новоселівська	сільська	село Новоселівка	Полтавський	Полтавська	RU
Терешківська	сільська	село Терешки	Полтавський	Полтавська	RU
Щербанівська	сільська	село Щербані	Полтавський	Полтавська	RU
Решетилівська	міська	місто Решетилівка	Полтавський	Полтавська	RU
Семенівська	селищна	с-ще Семенівка	Кременчуцький	Полтавська	RU
Оболонська	сільська	село Оболонь	Кременчуцький	Полтавська	RU
Хорольська	міська	місто Хорол	Лубенський	Полтавська	RU
Чорнухинська	селищна	с-ще Чорнухи	Лубенський	Полтавська	RU
Скороходівська	селищна	с-ще Скороходове	Полтавський	Полтавська	RU
Чутівська	селищна	с-ще Чутове	Полтавський	Полтавська	RU
Шишацька	селищна	с-ще Шишаки	Миргородський	Полтавська	RU
Рівненська	міська	місто Рівне	Рівненський	Рівненська
Дубенська	міська	місто Дубно	Дубенський	Рівненська
Вараська	міська	місто Вараш	Вараський	Рівненська
Острозька	міська	місто Острог	Рівненський	Рівненська
Березнівська	міська	місто Березне	Рівненський	Рівненська
Соснівська	селищна	с-ще Соснове	Рівненський	Рівненська
Малинська	сільська	село Малинськ	Рівненський	Рівненська
Володимирецька	селищна	с-ще Володимирець	Вараський	Рівненська
Рафалівська	селищна	с-ще Рафалівка	Вараський	Рівненська	BY,PL
Антонівська	сільська	село Антонівка	Вараський	Рівненська
Каноницька	сільська	село Каноничі	Вараський	Рівненська
Полицька	сільська	село Полиці	Вараський	Рівненська	BY,PL
Гощанська	селищна	с-ще Гоща	Рівненський	Рівненська
Бабинська	сільська	село Бабин	Рівненський	Рівненська
Бугринська	сільська	село Бугрин	Рівненський	Рівненська
Демидівська	селищна	с-ще Демидівка	Дубенський	Рівненська
Боремельська	сільська	село Боремель	Дубенський	Рівненська	PL
Смизька	селищна	с-ще Смига	Дубенський	Рівненська
Варковицька	сільська	село Варковичі	Дубенський	Рівненська
Вербська	сільська	село Верба	Дубенський	Рівненська
Мирогощанська	сільська	село Мирогоща Друга	Дубенський	Рівненська
Повчанська	сільська	село Повча	Дубенський	Рівненська
Привільненська	сільська	село Привільне	Дубенський	Рівненська
Семидубська	сільська	село Семидуби	Дубенський	Рівненська
Тараканівська	сільська	село Тараканів	Дубенський	Рівненська	PL
Дубровицька	міська	місто Дубровиця	Сарненський	Рівненська	BY
Висоцька	сільська	село Висоцьк	Сарненський	Рівненська	BY
Миляцька	сільська	село Миляч	Сарненський	Рівненська
Зарічненська	селищна	с-ще Зарічне	Вараський	Рівненська
Локницька	сільська	село Локниця	Вараський	Рівненська	BY
Здолбунівська	міська	місто Здолбунів	Рівненський	Рівненська
Мізоцька	селищна	с-ще Мізоч	Рівненський	Рівненська
Здовбицька	сільська	село Здовбиця	Рівненський	Рівненська
Корецька	міська	місто Корець	Рівненський	Рівненська
Великомежиріцька	сільська	село Великі Межирічі	Рівненський	Рівненська
Костопільська	міська	місто Костопіль	Рівненський	Рівненська
Головинська	сільська	село Головин	Рівненський	Рівненська
Деражненська	сільська	село Деражне	Рівненський	Рівненська
Малолюбашанська	сільська	село Мала Любаша	Рівненський	Рівненська
Млинівська	селищна	с-ще Млинів	Дубенський	Рівненська
Бокіймівська	сільська	село Бокійма	Дубенський	Рівненська
Острожецька	сільська	село Острожець	Дубенський	Рівненська
Підлозцівська	сільська	село Підлозці	Дубенський	Рівненська
Ярославицька	сільська	село Ярославичі	Дубенський	Рівненська
Клеванська	селищна	с-ще Клевань	Рівненський	Рівненська
Білокриницька	сільська	село Біла Криниця	Рівненський	Рівненська
Великоомелянська	сільська	село Велика Омеляна	Рівненський	Рівненська
Городоцька	сільська	село Городок	Рівненський	Рівненська
Дядьковицька	сільська	село Дядьковичі	Рівненський	Рівненська
Зорянська	сільська	село Зоря	Рівненський	Рівненська
Корнинська	сільська	село Корнин	Рівненський	Рівненська
Олександрійська	сільська	село Олександрія	Рівненський	Рівненська
Шпанівська	сільська	село Шпанів	Рівненський	Рівненська
Рокитнівська	селищна	с-ще Рокитне	Сарненський	Рівненська
Березівська	сільська	село Березове	Сарненський	Рівненська
Старосільська	сільська	село Старе Село	Сарненський	Рівненська
Сарненська	міська	місто Сарни	Сарненський	Рівненська
Клесівська	селищна	с-ще Клесів	Сарненський	Рівненська
Степанська	селищна	с-ще Степань	Сарненський	Рівненська
Вирівська	сільська	село Вири	Сарненський	Рівненська
Немовицька	сільська	село Немовичі	Сарненський	Рівненська
Радивилівська	міська	місто Радивилів	Дубенський	Рівненська
Козинська	сільська	село Козин	Дубенський	Рівненська
Крупецька	сільська	село Крупець	Дубенський	Рівненська
Сумська	міська	місто Суми	Сумський	Сумська	RU
Охтирська	міська	місто Охтирка	Охтирський	Сумська	RU
Глухівська	міська	місто Глухів	Шосткинський	Сумська	RU
Конотопська	міська	місто Конотоп	Конотопський	Сумська	RU
Лебединська	міська	місто Лебедин	Сумський	Сумська	RU
Роменська	міська	місто Ромни	Роменський	Сумська	RU
Шосткинська	міська	місто Шостка	Шосткинський	Сумська	RU
Чупахівська	селищна	с-ще Чупахівка	Охтирський	Сумська	RU
Грунська	сільська	село Грунь	Охтирський	Сумська	RU
Комишанська	сільська	село Комиші	Охтирський	Сумська	RU
Чернеччинська	сільська	село Чернеччина	Охтирський	Сумська	RU
Білопільська	міська	місто Білопілля	Сумський	Сумська	RU
Ворожбянська	міська	місто Ворожба	Сумський	Сумська	RU
Миколаївська	селищна	с-ще Миколаївка	Сумський	Сумська	RU
Річківська	сільська	село Річки	Сумський	Сумська	RU
Буринська	міська	місто Буринь	Конотопський	Сумська	RU
Великописарівська	селищна	с-ще Велика Писарівка	Охтирський	Сумська	RU
Кириківська	селищна	с-ще Кириківка	Охтирський	Сумська	RU
Есманьська	селищна	с-ще Есмань	Шосткинський	Сумська	RU
Шалигинська	селищна	с-ще Шалигине	Шосткинський	Сумська	RU
Березівська	сільська	село Береза	Шосткинський	Сумська	RU
Дубовʼязівська	селищна	с-ще Дубовʼязівка	Конотопський	Сумська	RU
Бочечківська	сільська	село Бочечки	Конотопський	Сумська	RU
Попівська	сільська	село Попівка	Конотопський	Сумська	RU
Краснопільська	селищна	с-ще Краснопілля	Сумський	Сумська	RU
Миропільська	сільська	село Миропілля	Сумський	Сумська	RU
Кролевецька	міська	місто Кролевець	Конотопський	Сумська	RU
Липоводолинська	селищна	с-ще Липова Долина	Роменський	Сумська	RU
Синівська	сільська	село Синівка	Роменський	Сумська	RU
Недригайлівська	селищна	с-ще Недригайлів	Роменський	Сумська	RU
Вільшанська	сільська	село Вільшана	Роменський	Сумська	RU
Коровинська	сільська	село Коровинці	Роменський	Сумська	RU
Путивльська	міська	місто Путивль	Конотопський	Сумська	RU
Новослобідська	сільська	село Нова Слобода	Конотопський	Сумська	RU
Андріяшівська	сільська	село Андріяшівка	Роменський	Сумська	RU
Хмелівська	сільська	село Хмелів	Роменський	Сумська	RU
Середино-Будська	міська	місто Середина-Буда	Шосткинський	Сумська	RU
Зноб-Новгородська	селищна	с-ще Зноб-Новгородське	Шосткинський	Сумська	RU
Степанівська	селищна	с-ще Степанівка	Сумський	Сумська	RU
Хотінська	селищна	с-ще Хотінь	Сумський	Сумська	RU
Бездрицька	сільська	село Бездрик	Сумський	Сумська	RU
Верхньосироватська	сільська	село Верхня Сироватка	Сумський	Сумська	RU
Миколаївська	сільська	село Миколаївка	Сумський	Сумська	RU
Нижньосироватська	сільська	село Нижня Сироватка	Сумський	Сумська	RU
Садівська	сільська	село Сад	Сумський	Сумська	RU
Юнаківська	сільська	село Юнаківка	Сумський	Сумська	RU
Тростянецька	міська	місто Тростянець	Охтирський	Сумська	RU
Боромлянська	сільська	село Боромля	Охтирський	Сумська	RU
Дружбівська	міська	місто Дружба	Шосткинський	Сумська	RU
Свеська	селищна	с-ще Свеса	Шосткинський	Сумська	RU
Ямпільська	селищна	с-ще Ямпіль	Шосткинський	Сумська	RU
Тернопільська	міська	місто Тернопіль	Тернопільський	Тернопільська
Чортківська	міська	місто Чортків	Чортківський	Тернопільська	RO
Бережанська	міська	місто Бережани	Тернопільський	Тернопільська
Кременецька	міська	місто Кременець	Кременецький	Тернопільська
Нараївська	сільська	село Нараїв	Тернопільський	Тернопільська
Саранчуківська	сільська	село Саранчуки	Тернопільський	Тернопільська
Борщівська	міська	місто Борщів	Чортківський	Тернопільська	RO
Мельнице-Подільська	селищна	с-ще Мельниця-Подільська	Чортківський	Тернопільська	RO,MD
Скала-Подільська	селищна	с-ще Скала-Подільська	Чортківський	Тернопільська	RO,MD
Більче-Золотецька	сільська	село Більче-Золоте	Чортківський	Тернопільська	RO
Іване-Пустенська	сільська	село Іване-Пусте	Чортківський	Тернопільська	RO,MD
Бучацька	міська	місто Бучач	Чортківський	Тернопільська
Золотопотіцька	селищна	с-ще Золотий Потік	Чортківський	Тернопільська
Трибухівська	сільська	село Трибухівці	Чортківський	Тернопільська
Копичинецька	міська	місто Копичинці	Чортківський	Тернопільська
Хоростківська	міська	місто Хоростків	Чортківський	Тернопільська
Гримайлівська	селищна	с-ще Гримайлів	Чортківський	Тернопільська
Гусятинська	селищна	с-ще Гусятин	Чортківський	Тернопільська
Васильковецька	сільська	село Васильківці	Чортківський	Тернопільська
Заліщицька	міська	місто Заліщики	Чортківський	Тернопільська
Товстенська	селищна	с-ще Товсте	Чортківський	Тернопільська
Збаразька	міська	місто Збараж	Тернопільський	Тернопільська
Вишнівецька	селищна	с-ще Вишнівець	Кременецький	Тернопільська
Зборівська	міська	місто Зборів	Тернопільський	Тернопільська
Залозецька	селищна	с-ще Залізці	Тернопільський	Тернопільська
Озернянська	сільська	село Озерна	Тернопільський	Тернопільська
Козівська	селищна	с-ще Козова	Тернопільський	Тернопільська
Козлівська	селищна	с-ще Козлів	Тернопільський	Тернопільська
Купчинецька	сільська	село Купчинці	Тернопільський	Тернопільська
Почаївська	міська	місто Почаїв	Кременецький	Тернопільська
Лопушненська	сільська	село Лопушне	Кременецький	Тернопільська
Лановецька	міська	місто Ланівці	Кременецький	Тернопільська
Борсуківська	сільська	село Борсуки	Кременецький	Тернопільська
Монастириська	міська	місто Монастириська	Чортківський	Тернопільська
Коропецька	селищна	с-ще Коропець	Чортківський	Тернопільська
Скалатська	міська	місто Скалат	Тернопільський	Тернопільська
Підволочиська	селищна	с-ще Підволочиськ	Тернопільський	Тернопільська
Скориківська	сільська	село Скорики	Тернопільський	Тернопільська
Підгаєцька	міська	місто Підгайці	Тернопільський	Тернопільська
Теребовлянська	міська	місто Теребовля	Тернопільський	Тернопільська
Микулинецька	селищна	с-ще Микулинці	Тернопільський	Тернопільська
Золотниківська	сільська	село Золотники	Тернопільський	Тернопільська
Іванівська	сільська	село Іванівка	Тернопільський	Тернопільська
Великоберезовицька	селищна	с-ще Велика Березовиця	Тернопільський	Тернопільська
Великобірківська	селищна	с-ще Великі Бірки	Тернопільський	Тернопільська
Байковецька	сільська	село Байківці	Тернопільський	Тернопільська
Білецька	сільська	село Біла	Тернопільський	Тернопільська
Великогаївська	сільська	село Великі Гаї	Тернопільський	Тернопільська
Підгороднянська	сільська	село Підгородне	Тернопільський	Тернопільська
Заводська	селищна	с-ще Заводське	Чортківський	Тернопільська
Білобожницька	сільська	село Білобожниця	Чортківський	Тернопільська
Колиндянська	сільська	село Колиндяни	Чортківський	Тернопільська
Нагірянська	селищна	с-ще Нагірянка	Чортківський	Тернопільська
Шумська	міська	місто Шумськ	Кременецький	Тернопільська
Великодедеркальська	сільська	село Великі Дедеркали	Кременецький	Тернопільська
Харківська	міська	місто Харків	Харківський	Харківська	RU
Ізюмська	міська	місто Ізюм	Ізюмський	Харківська	RU
Купʼянська	міська	місто Купʼянськ	Купʼянський	Харківська	RU
Лозівська	міська	місто Лозова	Лозівський	Харківська	RU
Люботинська	міська	місто Люботин	Харківський	Харківська	RU
Первомайська	міська	місто Первомайський	Лозівський	Харківська	RU
Чугуївська	міська	місто Чугуїв	Чугуївський	Харківська	RU
Балаклійська	міська	місто Балаклія	Ізюмський	Харківська	RU
Донецька	селищна	с-ще Донець	Ізюмський	Харківська	RU
Савинська	селищна	с-ще Савинці	Ізюмський	Харківська	RU
Барвінківська	міська	місто Барвінкове	Ізюмський	Харківська	RU
Близнюківська	селищна	с-ще Близнюки	Лозівський	Харківська	RU
Богодухівська	міська	місто Богодухів	Богодухівський	Харківська	RU
Борівська	селищна	с-ще Борова	Ізюмський	Харківська	RU
Валківська	міська	місто Валки	Богодухівський	Харківська	RU
Великобурлуцька	селищна	с-ще Великий Бурлук	Купʼянський	Харківська	RU
Вільхуватська	сільська	село Вільхуватка	Купʼянський	Харківська	RU
Вовчанська	міська	місто Вовчанськ	Чугуївський	Харківська	RU
Старосалтівська	селищна	с-ще Старий Салтів	Чугуївський	Харківська	RU
Зміївська	міська	місто Зміїв	Чугуївський	Харківська	RU
Слобожанська	селищна	с-ще Слобожанське	Чугуївський	Харківська	RU
Дворічанська	селищна	с-ще Дворічна	Купʼянський	Харківська	RU
Дергачівська	міська	місто Дергачі	Харківський	Харківська	RU
Малоданилівська	селищна	с-ще Мала Данилівка	Харківський	Харківська	RU
Солоницівська	селищна	с-ще Солоницівка	Харківський	Харківська	RU
Зачепилівська	селищна	с-ще Зачепилівка	Красноградський	Харківська	RU
Золочівська	селищна	с-ще Золочів	Богодухівський	Харківська	RU
Куньєвська	сільська	село Куньє	Ізюмський	Харківська	RU
Оскільська	сільська	село Оскіл	Ізюмський	Харківська	RU
Кегичівська	селищна	с-ще Кегичівка	Красноградський	Харківська	RU
Коломацька	селищна	с-ще Коломак	Богодухівський	Харківська	RU
Красноградська	міська	місто Красноград	Красноградський	Харківська	RU
Наталинська	сільська	село Наталине	Красноградський	Харківська	RU
Краснокутська	селищна	с-ще Краснокутськ	Богодухівський	Харківська	RU
Кіндрашівська	сільська	село Кіндрашівка	Купʼянський	Харківська	RU
Курилівська	сільська	село Курилівка	Купʼянський	Харківська	RU
Петропавлівська	сільська	село Петропавлівка	Купʼянський	Харківська	RU
Нововодолазька	селищна	с-ще Нова Водолага	Харківський	Харківська	RU
Старовірівська	сільська	село Старовірівка	Красноградський	Харківська	RU
Біляївська	селищна	с-ще Біляївка	Лозівський	Харківська	RU
Олексіївська	сільська	село Олексіївка	Лозівський	Харківська	RU
Печенізька	селищна	с-ще Печеніги	Чугуївський	Харківська	RU
Сахновщинська	селищна	с-ще Сахновщина	Красноградський	Харківська	RU
Мерефʼянська	міська	місто Мерефа	Харківський	Харківська	RU
Південноміська	міська	місто Південне	Харківський	Харківська	RU
Безлюдівська	селищна	с-ще Безлюдівка	Харківський	Харківська	RU
Височанська	селищна	с-ще Високий	Харківський	Харківська	RU
Пісочинська	селищна	с-ще Пісочин	Харківський	Харківська	RU
Роганська	селищна	с-ще Рогань	Харківський	Харківська	RU
Вільхівська	сільська	село Вільхівка	Харківський	Харківська	RU
Липецька	сільська	село Липці	Харківський	Харківська	RU
Циркунівська	сільська	село Циркуни	Харківський	Харківська	RU
Малинівська	селищна	с-ще Малинівка	Чугуївський	Харківська	RU
Новопокровська	селищна	с-ще Новопокровка	Чугуївський	Харківська	RU
Чкаловська	селищна	с-ще Чкаловське	Чугуївський	Харківська	RU
Шевченківська	селищна	с-ще Шевченкове	Купʼянський	Харківська	RU
Херсонська	міська	місто Херсон	Херсонський	Херсонська
Голопристанська	міська	місто Гола Пристань	Скадовський	Херсонська
Каховська	міська	місто Каховка	Каховський	Херсонська
Новокаховська	міська	місто Нова Каховка	Каховський	Херсонська
Таврійська	міська	місто Таврійськ	Каховський	Херсонська
Білозерська	селищна	с-ще Білозерка	Херсонський	Херсонська
Дарʼївська	сільська	село Дарʼївка	Херсонський	Херсонська
Музиківська	сільська	село Музиківка	Херсонський	Херсонська
Станіславська	сільська	село Станіслав	Херсонський	Херсонська
Чорнобаївська	сільська	село Чорнобаївка	Херсонський	Херсонська
Бериславська	міська	місто Берислав	Бериславський	Херсонська
Милівська	сільська	село Милове	Бериславський	Херсонська
Новорайська	селищна	с-ще Новорайськ	Бериславський	Херсонська
Тягинська	сільська	село Тягинка	Бериславський	Херсонська
Великоолександрівська	селищна	с-ще Велика Олександрівка	Бериславський	Херсонська
Калинівська	селищна	с-ще Калинівське	Бериславський	Херсонська
Борозенська	сільська	село Борозенське	Бериславський	Херсонська
Великолепетиська	селищна	с-ще Велика Лепетиха	Каховський	Херсонська
Рубанівська	сільська	село Рубанівка	Каховський	Херсонська
Верхньорогачицька	селищна	с-ще Верхній Рогачик	Каховський	Херсонська
Високопільська	селищна	с-ще Високопілля	Бериславський	Херсонська
Кочубеївська	сільська	село Кочубеївка	Бериславський	Херсонська
Генічеська	міська	місто Генічеськ	Генічеський	Херсонська
Бехтерська	сільська	село Бехтери	Скадовський	Херсонська
Долматівська	сільська	село Долматівка	Скадовський	Херсонська
Чулаківська	сільська	село Чулаківка	Скадовський	Херсонська
Горностаївська	селищна	с-ще Горностаївка	Каховський	Херсонська
Костянтинівська	сільська	село Костянтинівка	Каховський	Херсонська
Іванівська	селищна	с-ще Іванівка	Генічеський	Херсонська
Каланчацька	селищна	с-ще Каланчак	Скадовський	Херсонська
Мирненська	селищна	с-ще Мирне	Скадовський	Херсонська
Любимівська	селищна	с-ще Любимівка	Каховський	Херсонська
Зеленопідська	селищна	с-ще Зелений Під	Каховський	Херсонська
Тавричанська	сільська	село Тавричанка	Каховський	Херсонська
Нижньосірогозька	селищна	с-ще Нижні Сірогози	Генічеський	Херсонська
Нововоронцовська	селищна	с-ще Нововоронцовка	Бериславський	Херсонська
Новоолександрівська	сільська	село Новоолександрівка	Бериславський	Херсонська
Новотроїцька	селищна	с-ще Новотроїцьке	Генічеський	Херсонська
Скадовська	міська	місто Скадовськ	Скадовський	Херсонська
Лазурненська	селищна	с-ще Лазурне	Скадовський	Херсонська
Новомиколаївська	сільська	село Новомиколаївка	Скадовський	Херсонська
Олешківська	міська	місто Олешки	Херсонський	Херсонська
Великокопанівська	сільська	село Великі Копані	Херсонський	Херсонська
Виноградівська	сільська	село Виноградове	Херсонський	Херсонська
Ювілейна	селищна	с-ще Ювілейне	Херсонський	Херсонська
Асканія-Нова	селищна	с-ще Асканія-Нова	Каховський	Херсонська
Чаплинська	селищна	с-ще Чаплинка	Каховський	Херсонська
Присиваська	сільська	село Григорівка	Каховський	Херсонська
Хрестівська	сільська	село Хрестівка	Каховський	Херсонська
Хмельницька	міська	місто Хмельницький	Хмельницький	Хмельницька
Камʼянець-Подільська	міська	місто Камʼянець-Подільський	Камʼянець-Подільський	Хмельницька
Нетішинська	міська	місто Нетішин	Шепетівський	Хмельницька	-
Славутська	міська	місто Славута	Шепетівський	Хмельницька	-
Шепетівська	міська	місто Шепетівка	Шепетівський	Хмельницька	-
Старокостянтинівська	міська	місто Старокостянтинів	Хмельницький	Хмельницька
Білогірська	селищна	с-ще Білогірʼя	Шепетівський	Хмельницька	-
Ямпільська	селищна	с-ще Ямпіль	Шепетівський	Хмельницька	-
Віньковецька	селищна	с-ще Віньківці	Хмельницький	Хмельницька
Зіньківська	сільська	село Зіньків	Хмельницький	Хмельницька
Волочиська	міська	місто Волочиськ	Хмельницький	Хмельницька
Війтовецька	селищна	с-ще Війтівці	Хмельницький	Хмельницька
Наркевицька	селищна	с-ще Наркевичі	Хмельницький	Хмельницька
Городоцька	міська	місто Городок	Хмельницький	Хмельницька
Сатанівська	селищна	с-ще Сатанів	Хмельницький	Хмельницька
Деражнянська	міська	місто Деражня	Хмельницький	Хмельницька
Вовковинецька	селищна	с-ще Вовковинці	Хмельницький	Хмельницька
Дунаєвецька	міська	місто Дунаївці	Камʼянець-Подільський	Хмельницька
Новодунаєвецька	селищна	с-ще Дунаївці	Камʼянець-Подільський	Хмельницька
Смотрицька	селищна	с-ще Смотрич	Камʼянець-Подільський	Хмельницька
Маківська	сільська	село Маків	Камʼянець-Подільський	Хмельницька
Ізяславська	міська	місто Ізяслав	Шепетівський	Хмельницька	-
Плужненська	сільська	село Плужне	Шепетівський	Хмельницька	-
Сахновецька	сільська	село Сахнівці	Шепетівський	Хмельницька	-
Староушицька	селищна	с-ще Стара Ушиця	Камʼянець-Подільський	Хмельницька
Гуменецька	сільська	село Гуменці	Камʼянець-Подільський	Хмельницька
Жванецька	сільська	село Жванець	Камʼянець-Подільський	Хмельницька
Китайгородська	сільська	село Китайгород	Камʼянець-Подільський	Хмельницька
Орининська	сільська	село Оринин	Камʼянець-Подільський	Хмельницька
Слобідсько-Кульчієвецька	сільська	село Слобідка-Кульчієвецька	Камʼянець-Подільський	Хмельницька
Красилівська	міська	місто Красилів	Хмельницький	Хмельницька
Антонінська	селищна	с-ще Антоніни	Хмельницький	Хмельницька
Заслучненська	сільська	село Заслучне	Хмельницький	Хмельницька
Щиборівська	сільська	село Щиборівка	Хмельницький	Хмельницька
Летичівська	селищна	с-ще Летичів	Хмельницький	Хмельницька
Меджибізька	селищна	с-ще Меджибіж	Хмельницький	Хмельницька
Новоушицька	селищна	с-ще Нова Ушиця	Камʼянець-Подільський	Хмельницька
Полонська	міська	місто Полонне	Шепетівський	Хмельницька	-
Понінківська	селищна	с-ще Понінка	Шепетівський	Хмельницька	-
Берездівська	сільська	село Берездів	Шепетівський	Хмельницька	-
Ганнопільська	сільська	село Ганнопіль	Шепетівський	Хмельницька	-
Крупецька	сільська	село Крупець	Шепетівський	Хмельницька	-
Улашанівська	сільська	село Улашанівка	Шепетівський	Хмельницька	-
Миролюбненська	сільська	село Миролюбне	Хмельницький	Хмельницька
Староостропільська	сільська	село Старий Остропіль	Хмельницький	Хмельницька
Старосинявська	селищна	с-ще Стара Синява	Хмельницький	Хмельницька
Теофіпольська	селищна	с-ще Теофіполь	Хмельницький	Хмельницька
Чорноострівська	селищна	с-ще Чорний Острів	Хмельницький	Хмельницька
Гвардійська	сільська	село Гвардійське	Хмельницький	Хмельницька
Лісовогринівецька	сільська	село Лісові Гринівці	Хмельницький	Хмельницька
Розсошанська	сільська	село Розсоша	Хмельницький	Хмельницька
Закупненська	селищна	с-ще Закупне	Камʼянець-Подільський	Хмельницька
Чемеровецька	селищна	с-ще Чемерівці	Камʼянець-Подільський	Хмельницька
Гуківська	сільська	село Гуків	Камʼянець-Подільський	Хмельницька
Грицівська	селищна	с-ще Гриців	Шепетівський	Хмельницька	-
Ленковецька	сільська	село Ленківці	Шепетівський	Хмельницька	-
Михайлюцька	сільська	село Михайлючка	Шепетівський	Хмельницька	-
Судилківська	сільська	село Судилків	Шепетівський	Хмельницька	-
Ярмолинецька	селищна	с-ще Ярмолинці	Хмельницький	Хмельницька
Солобковецька	сільська	село Солобківці	Хмельницький	Хмельницька
Черкаська	міська	місто Черкаси	Черкаський	Черкаська
Ватутінська	міська	місто Ватутіне	Звенигородський	Черкаська
Канівська	міська	місто Канів	Черкаський	Черкаська
Золотоніська	міська	місто Золотоноша	Золотоніський	Черкаська
Смілянська	міська	місто Сміла	Черкаський	Черкаська
Уманська	міська	місто Умань	Уманський	Черкаська
Городищенська	міська	місто Городище	Черкаський	Черкаська
Вільшанська	селищна	с-ще Вільшана	Звенигородський	Черкаська
Мліївська	сільська	село Мліїв	Черкаський	Черкаська
Драбівська	селищна	с-ще Драбів	Золотоніський	Черкаська
Великохутірська	сільська	село Великий Хутір	Золотоніський	Черкаська
Шрамківська	сільська	село Шрамківка	Золотоніський	Черкаська
Жашківська	міська	місто Жашків	Уманський	Черкаська
Баштечківська	сільська	село Баштечки	Уманський	Черкаська
Звенигородська	міська	місто Звенигородка	Звенигородський	Черкаська
Водяницька	сільська	село Водяники	Звенигородський	Черкаська
Шевченківська	сільська	село Шевченкове	Звенигородський	Черкаська
Вознесенська	сільська	село Вознесенське	Золотоніський	Черкаська
Гельмязівська	сільська	село Гельмязів	Золотоніський	Черкаська
Зорівська	сільська	село Зорівка	Золотоніський	Черкаська
Новодмитрівська	сільська	село Нова Дмитрівка	Золотоніський	Черкаська
Піщанська	сільська	село Піщане	Золотоніський	Черкаська
Камʼянська	міська	місто Камʼянка	Черкаський	Черкаська
Михайлівська	сільська	село Михайлівка	Черкаський	Черкаська
Бобрицька	сільська	село Бобриця	Черкаський	Черкаська
Ліплявська	сільська	село Ліпляве	Черкаський	Черкаська
Степанецька	сільська	село Степанці	Черкаський	Черкаська
Єрківська	селищна	с-ще Єрки	Звенигородський	Черкаська
Катеринопільська	селищна	с-ще Катеринопіль	Звенигородський	Черкаська
Мокрокалигірська	сільська	село Мокра Калигірка	Звенигородський	Черкаська
Корсунь-Шевченківська	міська	місто Корсунь-Шевченківський	Черкаський	Черкаська
Стеблівська	селищна	с-ще Стеблів	Звенигородський	Черкаська
Набутівська	сільська	село Набутів	Черкаський	Черкаська
Селищенська	сільська	село Селище	Звенигородський	Черкаська
Лисянська	селищна	с-ще Лисянка	Звенигородський	Черкаська
Бужанська	сільська	село Бужанка	Звенигородський	Черкаська
Виноградська	сільська	село Виноград	Звенигородський	Черкаська
Буцька	селищна	с-ще Буки	Уманський	Черкаська
Маньківська	селищна	с-ще Маньківка	Уманський	Черкаська
Іваньківська	сільська	село Іваньки	Уманський	Черкаська
Монастирищенська	міська	місто Монастирище	Уманський	Черкаська
Балаклеївська	сільська	село Балаклея	Черкаський	Черкаська
Березняківська	сільська	село Березняки	Черкаський	Черкаська
Ротмістрівська	сільська	село Ротмістрівка	Черкаський	Черкаська
Тернівська	сільська	село Тернівка	Черкаський	Черкаська
Тальнівська	міська	місто Тальне	Звенигородський	Черкаська
Бабанська	селищна	с-ще Бабанка	Уманський	Черкаська
Дмитрушківська	сільська	село Дмитрушки	Уманський	Черкаська
Ладижинська	сільська	село Ладижинка	Уманський	Черкаська
Паланська	сільська	село Паланка	Уманський	Черкаська
Христинівська	міська	місто Христинівка	Уманський	Черкаська
Білозірська	сільська	село Білозірʼя	Черкаський	Черкаська
Будищенська	сільська	село Будище	Черкаський	Черкаська
Леськівська	сільська	село Леськи	Черкаський	Черкаська
Мошнівська	сільська	село Мошни	Черкаський	Черкаська
Руськополянська	сільська	село Руська Поляна	Черкаський	Черкаська
Сагунівська	сільська	село Сагунівка	Черкаський	Черкаська
Степанківська	сільська	село Степанки	Черкаський	Черкаська
Червонослобідська	сільська	село Червона Слобода	Черкаський	Черкаська
Чорнобаївська	селищна	с-ще Чорнобай	Золотоніський	Черкаська
Іркліївська	сільська	село Іркліїв	Золотоніський	Черкаська
Чигиринська	міська	місто Чигирин	Черкаський	Черкаська
Медведівська	сільська	село Медведівка	Черкаський	Черкаська
Шполянська	міська	місто Шпола	Звенигородський	Черкаська
Липʼянська	сільська	село Липʼянка	Звенигородський	Черкаська
Матусівська	сільська	село Матусів	Звенигородський	Черкаська
Чернівецька	міська	місто Чернівці	Чернівецький	Чернівецька	RO
Новодністровська	міська	місто Новодністровськ	Дністровський	Чернівецька	MD
Вашківецька	міська	місто Вашківці	Вижницький	Чернівецька	RO
Вижницька	міська	місто Вижниця	Вижницький	Чернівецька	RO
Берегометська	селищна	с-ще Берегомет	Вижницький	Чернівецька	RO
Банилівська	сільська	село Банилів	Вижницький	Чернівецька	RO
Герцаївська	міська	місто Герца	Чернівецький	Чернівецька	RO
Острицька	сільська	село Остриця	Чернівецький	Чернівецька	RO
Глибоцька	селищна	с-ще Глибока	Чернівецький	Чернівецька	RO
Волоківська	сільська	село Волока	Чернівецький	Чернівецька	RO
Камʼянецька	сільська	село Камʼянка	Чернівецький	Чернівецька	RO
Карапчівська	сільська	село Йорданешти	Чернівецький	Чернівецька	RO
Сучевенська	сільська	село Сучевени	Чернівецький	Чернівецька	RO
Тарашанська	сільська	село Тарашани	Чернівецький	Чернівецька	RO
Тереблеченська	сільська	село Тереблече	Чернівецький	Чернівецька	RO
Чагорська	сільська	село Чагор	Чернівецький	Чернівецька	RO
Заставнівська	міська	місто Заставна	Чернівецький	Чернівецька	RO
Кострижівська	селищна	с-ще Кострижівка	Чернівецький	Чернівецька	RO
Веренчанська	сільська	село Веренчанка	Чернівецький	Чернівецька	RO
Вікнянська	сільська	село Вікно	Чернівецький	Чернівецька	RO
Горішньошеровецька	сільська	село Горішні Шерівці	Чернівецький	Чернівецька	RO
Кадубовецька	сільська	село Кадубівці	Чернівецький	Чернівецька	RO
Юрковецька	сільська	село Юрківці	Чернівецький	Чернівецька	RO
Кельменецька	селищна	с-ще Кельменці	Дністровський	Чернівецька	MD
Лівинецька	сільська	село Лівинці	Дністровський	Чернівецька	MD
Кіцманська	міська	місто Кіцмань	Чернівецький	Чернівецька	RO
Неполоковецька	селищна	с-ще Неполоківці	Чернівецький	Чернівецька	RO
Брусницька	сільська	село Брусниця	Вижницький	Чернівецька	RO
Мамаївська	сільська	село Мамаївці	Чернівецький	Чернівецька	RO
Ставчанська	сільська	село Ставчани	Чернівецький	Чернівецька	RO
Новоселицька	міська	місто Новоселиця	Чернівецький	Чернівецька	RO,MD
Боянська	сільська	село Бояни	Чернівецький	Чернівецька	RO
Ванчиковецька	сільська	село Ванчиківці	Чернівецький	Чернівецька	RO
Магальська	сільська	село Магала	Чернівецький	Чернівецька	RO
Мамалигівська	сільська	село Мамалига	Дністровський	Чернівецька	RO,MD
Топорівська	сільська	село Топорівці	Чернівецький	Чернівецька	RO
Путильська	селищна	с-ще Путила	Вижницький	Чернівецька	RO
Конятинська	сільська	село Конятин	Вижницький	Чернівецька	RO
Селятинська	сільська	село Селятин	Вижницький	Чернівецька	RO
Усть-Путильська	сільська	село Усть-Путила	Вижницький	Чернівецька	RO
Сокирянська	міська	місто Сокиряни	Дністровський	Чернівецька	MD
Вашковецька	сільська	село Вашківці	Дністровський	Чернівецька	MD
Сторожинецька	міська	місто Сторожинець	Чернівецький	Чернівецька	RO
Красноїльська	селищна	с-ще Красноїльськ	Чернівецький	Чернівецька	RO
Великокучурівська	сільська	село Великий Кучурів	Чернівецький	Чернівецька	RO
Камʼянська	сільська	село Камʼяна	Чернівецький	Чернівецька	RO
Петровецька	сільська	село Верхні Петрівці	Чернівецький	Чернівецька	RO
Чудейська	сільська	село Чудей	Чернівецький	Чернівецька	RO
Хотинська	міська	місто Хотин	Дністровський	Чернівецька	MD,RO
Клішковецька	сільська	село Клішківці	Дністровський	Чернівецька
Недобоївська	сільська	село Недобоївці	Дністровський	Чернівецька
Рукшинська	сільська	село Рукшин	Дністровський	Чернівецька
Чернігівська	міська	місто Чернігів	Чернігівський	Чернігівська
Ніжинська	міська	місто Ніжин	Ніжинський	Чернігівська
Новгород-Сіверська	міська	місто Новгород-Сіверський	Новгород-Сіверський	Чернігівська
Прилуцька	міська	місто Прилуки	Прилуцький	Чернігівська
Батуринська	міська	місто Батурин	Ніжинський	Чернігівська
Бахмацька	міська	місто Бахмач	Ніжинський	Чернігівська
Дмитрівська	селищна	с-ще Дмитрівка	Ніжинський	Чернігівська
Бобровицька	міська	місто Бобровиця	Ніжинський	Чернігівська
Новобасанська	сільська	село Нова Басань	Ніжинський	Чернігівська
Борзнянська	міська	місто Борзна	Ніжинський	Чернігівська
Височанська	сільська	село Високе	Ніжинський	Чернігівська
Комарівська	сільська	село Комарівка	Ніжинський	Чернігівська
Плисківська	сільська	село Плиски	Ніжинський	Чернігівська
Варвинська	селищна	с-ще Варва	Прилуцький	Чернігівська
Городнянська	міська	місто Городня	Чернігівський	Чернігівська
Тупичівська	сільська	село Тупичів	Чернігівський	Чернігівська
Ічнянська	міська	місто Ічня	Прилуцький	Чернігівська
Парафіївська	селищна	с-ще Парафіївка	Прилуцький	Чернігівська
Остерська	міська	місто Остер	Чернігівський	Чернігівська
Деснянська	селищна	с-ще Десна	Чернігівський	Чернігівська
Козелецька	селищна	с-ще Козелець	Чернігівський	Чернігівська
Кіптівська	сільська	село Кіпті	Чернігівський	Чернігівська
Коропська	селищна	с-ще Короп	Новгород-Сіверський	Чернігівська
Понорницька	селищна	с-ще Понорниця	Новгород-Сіверський	Чернігівська
Корюківська	міська	місто Корюківка	Корюківський	Чернігівська
Холминська	селищна	с-ще Холми	Корюківський	Чернігівська
Куликівська	селищна	с-ще Куликівка	Чернігівський	Чернігівська
Менська	міська	місто Мена	Корюківський	Чернігівська
Березнянська	селищна	с-ще Березна	Чернігівський	Чернігівська
Лосинівська	селищна	с-ще Лосинівка	Ніжинський	Чернігівська
Вертіївська	сільська	село Вертіївка	Ніжинський	Чернігівська
Крутівська	сільська	село Крути	Ніжинський	Чернігівська
Талалаївська	сільська	село Талалаївка	Ніжинський	Чернігівська
Носівська	міська	місто Носівка	Ніжинський	Чернігівська
Макіївська	сільська	село Макіївка	Ніжинський	Чернігівська
Мринська	сільська	село Мрин	Ніжинський	Чернігівська
Ладанська	селищна	с-ще Ладан	Прилуцький	Чернігівська
Линовицька	селищна	с-ще Линовиця	Прилуцький	Чернігівська
Малодівицька	селищна	с-ще Мала Дівиця	Прилуцький	Чернігівська
Сухополовʼянська	сільська	село Сухополова	Прилуцький	Чернігівська
Яблунівська	сільська	село Яблунівка	Прилуцький	Чернігівська
Добрянська	селищна	с-ще Добрянка	Чернігівський	Чернігівська
Любецька	селищна	с-ще Любеч	Чернігівський	Чернігівська	BY
Ріпкинська	селищна	с-ще Ріпки	Чернігівський	Чернігівська
Семенівська	міська	місто Семенівка	Новгород-Сіверський	Чернігівська
Сосницька	селищна	с-ще Сосниця	Корюківський	Чернігівська
Срібнянська	селищна	с-ще Срібне	Прилуцький	Чернігівська
Талалаївська	селищна	с-ще Талалаївка	Прилуцький	Чернігівська
Гончарівська	селищна	с-ще Гончарівське	Чернігівський	Чернігівська
Михайло-Коцюбинська	селищна	с-ще Михайло-Коцюбинське	Чернігівський	Чернігівська
Олишівська	селищна	с-ще Олишівка	Чернігівський	Чернігівська
Седнівська	селищна	с-ще Седнів	Чернігівський	Чернігівська
Іванівська	сільська	село Іванівка	Чернігівський	Чернігівська
Киїнська	сільська	село Киїнка	Чернігівський	Чернігівська
Киселівська	сільська	село Киселівка	Чернігівський	Чернігівська
Новобілоуська	сільська	село Новий Білоус	Чернігівський	Чернігівська
Сновська	міська	місто Сновськ	Корюківський	Чернігівська	RU,BY
